Latitude,Longitude,Elevation,Slope,BIO01_Historical_Mean,BIO05_Historical_Max,BIO06_Historical_Min,BIO12_Historical_Prec,BIO13_Historical_Prec,BIO15_Historical_Prec,Target,Aspect,Soil_Clay,Soil_Sand
46.70025318766257,12.370473526391768,1615.0,23.0,5,20,-7,1123,152,39,1,161.0,17.0,41.0
46.72475733759582,11.882005300940516,1232.0,36.0,7,21,-5,919,133,45,1,76.0,12.0,44.0
46.52610318791323,11.734756064414018,2698.0,68.0,3,15,-8,1025,136,35,1,79.0,15.0,48.0
46.566466465786434,11.521634676710686,505.0,33.0,10,26,-3,781,101,37,1,322.0,13.0,49.0
46.75969287038833,11.870043963369994,994.0,26.0,8,23,-5,883,126,44,1,234.0,12.0,45.0
46.94767585473534,11.378002835421038,1467.0,19.0,4,18,-7,967,129,37,1,54.0,12.0,53.0
46.9473952832723,11.3779352366532,1472.0,19.0,4,18,-7,967,129,37,1,58.0,12.0,53.0
46.94709615408428,11.378690394948324,1462.0,22.0,4,18,-7,967,129,37,1,54.0,12.0,53.0
46.946773040112575,11.379843171799802,1474.0,25.0,4,19,-7,963,129,37,1,330.0,16.0,44.0
46.75993691280068,11.847925174873554,1444.0,34.0,7,22,-5,905,129,43,1,41.0,11.0,47.0
46.56029869252121,11.626056480960663,1878.0,25.0,6,20,-5,798,115,44,1,121.0,12.0,46.0
46.87445344187565,11.632217912804444,1841.0,42.0,3,16,-7,1102,142,33,1,254.0,11.0,57.0
46.48011221071735,11.262021555596016,318.0,15.0,11,29,-2,787,99,32,1,107.0,16.0,48.0
46.68544408885043,11.857774480107144,1459.0,24.0,6,20,-5,957,141,45,1,29.0,13.0,42.0
46.7067818047877,11.92565708488216,1186.0,18.0,6,21,-6,937,135,44,1,252.0,19.0,43.0
46.27249442627869,11.257424672285998,1162.0,62.0,10,26,-2,655,84,36,1,245.0,20.0,39.0
46.708081720083406,11.92627983272834,1223.0,11.0,6,21,-6,937,135,44,1,251.0,15.0,47.0
46.55358509632782,11.758732545912777,1579.0,34.0,4,18,-6,998,140,40,1,47.0,12.0,47.0
46.65523772300796,11.90360360247025,1347.0,33.0,6,21,-5,905,133,46,1,104.0,19.0,42.0
46.42706997495975,11.347703441683286,440.0,35.0,11,28,-2,735,92,35,1,309.0,17.0,48.0
46.602179328322414,11.200975361133583,320.0,33.0,11,27,-3,755,97,35,1,254.0,15.0,49.0
46.57658896543343,11.382062629554724,846.0,30.0,8,24,-3,697,98,43,1,286.0,17.0,44.0
46.593661967163,11.426217980144369,1631.0,16.0,6,20,-5,703,99,43,1,286.0,11.0,52.0
46.599732907509264,11.419727224932666,1641.0,35.0,6,21,-5,705,100,43,1,170.0,15.0,46.0
46.57947246653492,11.413999309044732,1552.0,18.0,7,22,-4,696,99,44,1,273.0,11.0,47.0
46.56895393793644,11.404111130242566,1379.0,16.0,8,23,-3,693,98,43,1,199.0,13.0,48.0
46.563171896007695,11.388440045121506,1168.0,26.0,8,24,-3,696,97,43,1,229.0,14.0,49.0
46.55797584744096,11.38475725050779,942.0,23.0,9,24,-3,701,97,42,1,210.0,17.0,51.0
46.29067917124432,11.209115251713408,282.0,29.0,11,27,-2,709,88,32,1,102.0,25.0,35.0
46.59823943319239,11.547703792171662,590.0,37.0,9,25,-3,773,105,40,1,9.0,15.0,52.0
46.81995606438851,11.76253150038226,1055.0,8.0,7,23,-4,899,128,43,1,331.0,11.0,60.0
46.62033102857871,11.556723197137508,848.0,26.0,9,25,-3,784,107,40,1,327.0,15.0,46.0
46.31551177362087,11.301302511742763,571.0,19.0,10,26,-3,679,87,35,1,242.0,22.0,38.0
46.56778460464475,11.540068770566688,863.0,28.0,10,25,-3,763,103,40,1,333.0,14.0,48.0
46.577920496571245,11.38305556409154,846.0,16.0,8,24,-3,697,98,43,1,263.0,14.0,46.0
46.84585337775442,11.977607920007484,1359.0,27.0,6,20,-6,999,141,42,1,175.0,14.0,48.0
46.56351540398156,11.535036509633755,715.0,30.0,10,25,-3,766,102,39,1,351.0,18.0,43.0
46.577628994736166,11.43701524099499,1553.0,12.0,6,21,-5,690,99,45,1,128.0,13.0,47.0
46.59309452609384,11.405581659695024,1433.0,33.0,7,22,-4,702,99,44,1,21.0,15.0,47.0
46.59887056218217,11.411622135332376,1546.0,21.0,7,22,-4,704,100,43,1,194.0,11.0,53.0
46.83778337652303,11.774752995740135,1351.0,24.0,5,20,-5,1007,139,39,1,105.0,13.0,55.0
46.72101069462556,11.328381045912938,1325.0,24.0,5,19,-6,744,105,42,1,137.0,12.0,46.0
46.72111417785404,11.32990261030352,1280.0,20.0,5,19,-6,746,105,43,1,129.0,12.0,46.0
46.59728364257735,11.432862241925898,1683.0,19.0,5,19,-5,706,100,43,1,224.0,9.0,51.0
46.59965871775758,11.43278984344614,1749.0,25.0,5,19,-5,706,100,43,1,139.0,10.0,51.0
46.605993225706406,11.436878943488692,1908.0,12.0,4,18,-6,714,100,42,1,279.0,12.0,48.0
46.60144960649895,11.45015609788701,1934.0,10.0,5,19,-6,719,102,42,1,196.0,15.0,46.0
46.83717751481528,11.746833948494643,1217.0,17.0,7,22,-5,940,133,42,1,261.0,11.0,57.0
46.80178212056506,11.79549913232638,1106.0,23.0,7,23,-4,896,128,43,1,50.0,15.0,45.0
46.651279591892994,11.056340299887038,669.0,26.0,9,25,-3,658,91,39,1,312.0,16.0,46.0
46.70221017921288,11.620871683956446,1073.0,19.0,9,24,-4,835,115,41,1,224.0,16.0,49.0
46.62652354124516,10.943841935189424,758.0,34.0,8,23,-4,580,81,39,1,335.0,17.0,45.0
46.52151048099524,11.264253569060376,347.0,33.0,11,28,-2,780,98,32,1,213.0,18.0,42.0
46.64861464532045,11.854056145315123,1708.0,16.0,5,19,-6,1016,145,43,1,146.0,16.0,43.0
46.64787034984689,11.852191378140448,1728.0,9.0,5,19,-6,1016,145,43,1,96.0,17.0,43.0
46.58106323102008,11.912079676236733,1457.0,22.0,5,19,-6,1024,147,43,1,35.0,15.0,41.0
46.672142602768986,11.169187763553072,349.0,13.0,11,28,-2,794,101,34,1,142.0,16.0,47.0
46.65029430118548,11.135805778161394,495.0,29.0,11,27,-2,749,96,36,1,103.0,16.0,47.0
46.76298064219909,12.066583086650136,1122.0,27.0,7,22,-5,880,129,45,1,146.0,12.0,47.0
46.56474211054189,11.336796933951172,808.0,8.0,8,24,-3,681,95,42,1,241.0,16.0,50.0
46.721186155253,11.328648971632836,1318.0,22.0,5,19,-6,744,105,42,1,132.0,12.0,46.0
46.60242389448595,11.915646191873424,1658.0,18.0,5,19,-6,1026,146,42,1,238.0,13.0,45.0
46.63163640711229,10.715930680815411,1123.0,22.0,6,21,-6,536,76,38,1,173.0,16.0,48.0
46.46832642739838,11.2306621940898,897.0,26.0,9,25,-3,660,87,39,1,107.0,23.0,40.0
46.72296137453804,11.955631857260682,1686.0,26.0,5,19,-6,1034,145,41,1,191.0,12.0,48.0
46.72296708943532,11.951003130370454,1639.0,28.0,5,19,-6,1024,144,42,1,188.0,11.0,49.0
46.50540291235454,11.502401596184503,812.0,20.0,10,26,-3,743,99,39,1,41.0,18.0,44.0
46.75554984880892,12.239903279222483,1448.0,26.0,5,20,-6,1086,150,40,1,102.0,13.0,46.0
46.758055890427954,12.24458847920171,1478.0,27.0,5,19,-6,1099,150,40,1,166.0,13.0,48.0
46.76013471607765,12.23768784317942,1545.0,21.0,5,19,-6,1114,152,39,1,39.0,12.0,47.0
46.74363326221582,12.228961150062972,1370.0,20.0,6,21,-6,974,139,43,1,153.0,17.0,43.0
46.63204000438768,10.714924020369716,1144.0,22.0,6,21,-6,536,76,38,1,187.0,16.0,48.0
46.759081908167865,12.26130706815689,1539.0,26.0,4,18,-7,1183,157,37,1,209.0,9.0,51.0
46.7613255142583,12.240269943451406,1477.0,10.0,5,19,-6,1114,152,39,1,147.0,13.0,44.0
46.741654780876345,12.22789888865138,1314.0,18.0,6,21,-6,949,136,44,1,159.0,16.0,41.0
46.743625325976645,12.220102462111294,1434.0,28.0,6,21,-6,964,138,43,1,170.0,17.0,45.0
46.76034609015564,11.783954816123524,1804.0,19.0,6,20,-5,951,135,43,1,229.0,12.0,47.0
46.686077656924304,11.892476423846905,1156.0,36.0,7,22,-5,869,128,47,1,57.0,17.0,38.0
46.68471838140809,11.89388406720843,1143.0,25.0,7,22,-5,869,128,47,1,70.0,18.0,39.0
46.95368408625623,11.362479254241515,1362.0,21.0,3,18,-7,996,130,34,1,35.0,10.0,52.0
46.788499996499816,11.950766690415678,877.0,9.0,8,24,-5,888,126,43,1,71.0,13.0,48.0
46.9189940225061,11.798804122252683,1422.0,35.0,3,16,-8,1185,155,34,1,61.0,12.0,46.0
46.92023130520921,11.790426888456318,1583.0,21.0,2,16,-8,1194,155,33,1,120.0,14.0,46.0
46.92170271868026,11.790269396827457,1575.0,27.0,2,15,-8,1201,156,33,1,62.0,14.0,44.0
46.835484134011736,11.478829872683807,1336.0,28.0,5,20,-6,881,123,41,1,159.0,11.0,49.0
47.02531923200996,12.041348479971282,1444.0,22.0,4,18,-8,1216,161,35,1,197.0,12.0,49.0
46.89561728436122,11.86658447423014,1467.0,30.0,5,19,-6,1066,148,40,1,178.0,14.0,49.0
46.60366455436444,11.613648663238902,1194.0,25.0,7,22,-4,777,112,45,1,156.0,14.0,51.0
46.58786135945356,11.208976376164053,444.0,32.0,11,27,-3,740,95,36,1,255.0,17.0,50.0
46.70418478455445,11.872162419463695,1367.0,38.0,6,21,-5,925,135,45,1,155.0,13.0,47.0
46.72314481161225,11.954156204614048,1680.0,26.0,5,19,-6,1024,144,42,1,172.0,12.0,47.0
46.54268073532477,11.326379904082538,1166.0,17.0,9,25,-3,697,94,40,1,112.0,16.0,44.0
46.866192728605895,11.513296249032315,1200.0,35.0,7,22,-5,885,126,43,1,228.0,18.0,41.0
46.61713294732987,11.866765119131644,1839.0,12.0,5,18,-6,1020,143,41,1,67.0,15.0,41.0
46.60975414430544,10.781621323699676,981.0,18.0,8,23,-4,546,79,40,1,12.0,16.0,45.0
46.72649965208715,11.21345889358257,874.0,32.0,8,24,-4,730,102,42,1,265.0,14.0,47.0
46.54774589060285,11.69544092799202,1523.0,30.0,5,20,-6,878,126,44,1,101.0,13.0,46.0
46.74039941434829,11.43577304101998,1669.0,27.0,4,19,-6,805,112,41,1,118.0,14.0,45.0
46.56569779003112,11.52480224307359,602.0,21.0,10,26,-3,781,101,37,1,7.0,16.0,47.0
46.25263267528175,11.253602783375406,667.0,36.0,10,26,-2,633,82,36,1,314.0,19.0,39.0
46.91499097215181,11.69023325235342,1541.0,35.0,3,17,-7,1119,147,34,1,229.0,13.0,47.0
46.88300081672436,11.719059773228317,1209.0,31.0,5,19,-6,1033,142,39,1,205.0,12.0,49.0
46.8920815335991,11.407146326332382,1170.0,24.0,7,22,-5,886,125,42,1,174.0,14.0,48.0
46.439694016427765,11.479957914985633,1203.0,21.0,8,24,-3,671,95,44,1,295.0,14.0,47.0
46.87713260842906,11.492272443680095,1147.0,31.0,7,22,-5,891,126,42,1,223.0,13.0,48.0
46.89012953717707,11.455083352876368,1070.0,29.0,7,23,-5,884,126,43,1,313.0,15.0,45.0
46.48512789628533,11.438533921734685,737.0,21.0,10,26,-3,721,95,39,1,334.0,16.0,47.0
46.53931421594158,11.388833833101238,1017.0,27.0,9,25,-3,705,96,41,1,292.0,16.0,45.0
46.87557337934325,11.49720301415909,1218.0,32.0,7,21,-5,894,127,42,1,176.0,12.0,51.0
46.48833504854909,11.24696177673015,464.0,22.0,11,27,-2,749,95,34,1,40.0,15.0,48.0
46.48020445847947,11.26211888112004,318.0,15.0,11,29,-2,787,99,32,1,107.0,16.0,48.0
46.65019664168008,11.361238427619169,1011.0,32.0,7,22,-4,720,103,44,1,272.0,12.0,49.0
46.87631852966007,11.424746909111176,1331.0,29.0,7,22,-5,876,124,42,1,0.0,13.0,43.0
46.86259739826822,11.484053217456225,990.0,30.0,7,22,-5,873,126,44,1,17.0,12.0,48.0
46.74019373594007,11.437264466866798,1622.0,26.0,4,19,-6,805,112,41,1,154.0,14.0,45.0
46.56460914288428,11.52396537711623,660.0,17.0,10,26,-3,781,101,37,1,356.0,16.0,47.0
46.26870126445248,11.241097905787203,226.0,28.0,12,28,-2,748,93,31,1,292.0,13.0,51.0
46.92747877937543,11.98977417877497,1436.0,23.0,4,17,-7,1166,154,35,1,193.0,13.0,56.0
46.9021462855348,11.878095559361151,1542.0,21.0,5,19,-6,1073,149,40,1,242.0,16.0,45.0
46.89989438416883,11.852021483227515,1579.0,34.0,5,19,-6,1068,149,40,1,178.0,15.0,47.0
46.89643407515389,11.865901557067136,1500.0,33.0,5,19,-6,1067,149,40,1,178.0,14.0,49.0
46.89646703882785,11.867395073291538,1495.0,21.0,5,19,-6,1067,149,40,1,173.0,14.0,49.0
46.89637252373677,11.844160396863264,1421.0,33.0,5,19,-6,1075,149,39,1,195.0,14.0,48.0
46.67603277951456,11.895321555901058,1284.0,35.0,7,22,-5,876,129,47,1,62.0,19.0,39.0
46.24790657535332,11.230960311297313,235.0,23.0,11,27,-2,709,88,32,1,299.0,20.0,48.0
46.560657823103696,11.339124968962542,840.0,11.0,9,24,-3,692,95,41,1,71.0,14.0,57.0
46.74787409260564,11.197447381450196,794.0,23.0,8,23,-4,749,104,40,1,117.0,14.0,51.0
46.56973848954456,11.06542309194517,870.0,36.0,8,23,-4,572,82,44,1,207.0,14.0,47.0
46.64849782638517,11.22636687849305,1265.0,19.0,7,23,-4,638,92,45,1,356.0,16.0,48.0
46.66144823083201,11.550094220510193,812.0,24.0,8,23,-4,819,113,41,1,186.0,15.0,49.0
46.468636679615486,11.576134001648716,1341.0,24.0,5,20,-5,773,110,43,1,183.0,10.0,51.0
46.44344118495835,11.54741290211031,1426.0,25.0,7,21,-4,708,104,46,1,207.0,12.0,46.0
46.63950116804336,11.82720584631784,2123.0,43.0,3,16,-7,1086,147,37,1,104.0,17.0,43.0
46.42571258112106,11.518282439974453,1066.0,49.0,7,22,-4,676,99,46,1,319.0,13.0,50.0
46.52595188593724,11.254519342555655,316.0,44.0,11,28,-2,775,98,33,1,297.0,17.0,48.0
46.53001328128115,11.260522868319416,577.0,30.0,11,27,-2,759,97,34,1,234.0,17.0,47.0
46.54784487281458,11.526224242529624,777.0,29.0,9,25,-3,765,101,39,1,234.0,15.0,49.0
46.57324028392899,11.530836104275089,831.0,30.0,10,26,-3,774,103,39,1,245.0,15.0,49.0
46.58330328739591,11.167226915109625,405.0,40.0,11,28,-2,751,96,35,1,81.0,18.0,46.0
46.39199813061816,11.482740839096952,1193.0,22.0,8,23,-4,647,93,46,1,234.0,11.0,49.0
46.38303068367002,11.272011655078606,278.0,18.0,12,29,-2,812,99,29,1,267.0,16.0,46.0
46.413875918142,11.494176214619394,1023.0,24.0,8,23,-4,663,95,46,1,242.0,12.0,50.0
46.66155396550288,11.187660233289549,435.0,35.0,11,28,-2,778,98,35,1,301.0,15.0,47.0
46.38311065436588,11.282819980970345,310.0,37.0,12,29,-2,809,99,29,1,163.0,18.0,42.0
46.72428011180981,11.880097661211282,1330.0,40.0,7,21,-5,919,133,45,1,71.0,12.0,48.0
46.480319154985,11.262216920293232,311.0,22.0,11,29,-2,787,99,32,1,92.0,16.0,48.0
46.68658413249887,10.607653928695283,1544.0,39.0,6,21,-6,567,78,37,1,152.0,16.0,47.0
46.57910727148798,11.611715682593298,1391.0,17.0,7,21,-5,780,112,44,1,342.0,15.0,42.0
46.53716167219623,11.777808740454702,1946.0,19.0,3,16,-7,1054,144,38,1,251.0,16.0,41.0
46.350618864502486,11.33670232844682,832.0,24.0,10,26,-3,686,89,36,1,164.0,20.0,40.0
46.57215506266891,10.553655035937254,1418.0,37.0,4,18,-8,504,70,37,1,239.0,12.0,50.0
46.60912322891836,11.379946604604308,927.0,33.0,7,22,-4,696,99,44,1,252.0,14.0,51.0
46.806483191776536,11.98692750772681,1376.0,32.0,7,22,-5,917,132,44,1,142.0,12.0,47.0
46.601681612032486,11.585994101332837,1009.0,20.0,8,24,-4,764,108,43,1,215.0,17.0,47.0
46.56545600844298,11.552435850506996,974.0,12.0,9,25,-4,746,103,42,1,270.0,16.0,45.0
46.42576986456934,11.349238433020709,531.0,36.0,11,28,-2,735,92,35,1,292.0,16.0,46.0
46.31443709945472,11.278788704654216,287.0,25.0,12,28,-2,770,94,29,1,301.0,22.0,44.0
46.22945353763133,11.212943563568222,546.0,15.0,11,27,-2,664,82,33,1,284.0,22.0,38.0
46.69561174491313,10.50051741685961,1633.0,36.0,5,20,-7,619,87,37,1,173.0,14.0,49.0
46.80109409501621,11.662994011523448,1030.0,31.0,8,23,-4,873,124,44,1,162.0,12.0,59.0
46.58257215415532,11.170930925684006,297.0,21.0,11,28,-2,762,96,34,1,78.0,17.0,47.0
46.52411707917843,10.93426944572017,1551.0,27.0,6,20,-6,445,64,46,1,146.0,14.0,45.0
46.59762968705877,11.570508785365918,801.0,28.0,9,25,-3,763,106,42,1,207.0,15.0,50.0
46.59691874403544,11.094513914729603,788.0,37.0,8,23,-4,603,86,42,1,61.0,15.0,48.0
46.43282911967888,11.472422927143343,866.0,46.0,8,24,-3,662,94,44,1,19.0,16.0,45.0
46.84324955842111,11.968106683310827,1173.0,29.0,7,21,-6,976,138,42,1,262.0,12.0,50.0
46.68640672813834,10.607550741604877,1532.0,38.0,6,21,-6,567,78,37,1,141.0,16.0,47.0
46.754869616944674,11.874286525138874,1014.0,22.0,7,23,-5,888,126,44,1,268.0,11.0,45.0
46.439498128533565,11.47761402508884,1151.0,26.0,8,24,-3,670,95,44,1,287.0,14.0,47.0
46.52901221123396,11.27997003803938,872.0,13.0,10,27,-2,744,96,35,1,174.0,18.0,47.0
46.455476878802,11.25440447063902,468.0,18.0,11,28,-2,755,95,34,1,63.0,18.0,43.0
46.23927659586938,11.225513058209712,376.0,21.0,11,27,-2,680,84,33,1,330.0,22.0,38.0
46.3156339924021,11.299530249305365,525.0,22.0,10,26,-3,694,88,34,1,230.0,23.0,37.0
46.322935119263136,11.303619659671783,678.0,28.0,10,26,-3,702,89,34,1,284.0,23.0,34.0
46.33341453789939,11.307651372181276,574.0,21.0,11,27,-2,727,91,33,1,285.0,23.0,35.0
46.57356282312112,11.355977499842693,1151.0,34.0,8,24,-3,702,97,42,1,184.0,15.0,49.0
46.542999464422834,11.328247680633824,1163.0,22.0,9,25,-3,697,94,40,1,194.0,15.0,47.0
46.94452006902365,11.378661593727273,1560.0,19.0,4,19,-7,956,129,38,1,340.0,17.0,41.0
46.623146051905536,11.51199615031822,1010.0,37.0,8,23,-4,776,108,42,1,150.0,14.0,51.0
46.48020777168455,11.50337838596804,897.0,22.0,9,25,-3,716,98,41,1,201.0,16.0,49.0
46.68193824552701,10.916725614609456,1884.0,43.0,5,20,-6,599,82,36,1,103.0,12.0,50.0
46.71520152862446,11.9028489381328,1168.0,48.0,7,22,-5,898,130,45,1,58.0,11.0,48.0
46.278591685425845,11.28441497185749,1263.0,16.0,9,24,-3,562,76,41,1,204.0,20.0,39.0
46.61926955856876,11.553090970041982,798.0,27.0,9,25,-3,784,107,41,1,303.0,15.0,45.0
46.43799841700511,11.47776059362148,1116.0,23.0,8,24,-3,670,95,44,1,207.0,16.0,44.0
46.60710453296572,11.139770722003448,611.0,18.0,11,27,-2,742,95,35,1,51.0,14.0,56.0
46.451371049023166,11.466460364625348,1268.0,34.0,9,25,-3,683,95,42,1,214.0,15.0,48.0
46.5587549670059,10.56120267449884,1559.0,21.0,3,17,-8,503,67,33,1,263.0,11.0,49.0
46.98609443925796,11.200891000363136,2547.0,41.0,-1,11,-11,1244,134,18,0,33.0,15.0,50.0
46.35362342124306,11.61998250690712,1298.0,39.0,6,20,-5,798,118,46,0,91.0,13.0,46.0
46.59495397592836,10.687466121493449,1787.0,25.0,5,21,-6,541,75,37,0,357.0,14.0,48.0
46.24583603047749,11.824582059701507,1683.0,34.0,5,18,-6,1003,141,41,0,275.0,13.0,46.0
46.37416179141298,10.897582234165078,1253.0,25.0,6,21,-5,459,63,42,0,208.0,14.0,51.0
46.71624730492222,11.6551807383111,572.0,2.0,10,25,-3,842,114,39,0,216.0,15.0,45.0
46.46123281951834,11.308235643451416,238.0,1.0,13,30,-2,838,103,30,0,90.0,17.0,44.0
46.46196144119681,10.761364813828123,2454.0,14.0,0,12,-11,627,70,22,0,220.0,18.0,42.0
46.53384191588461,11.656872113061226,1797.0,10.0,5,19,-6,866,123,43,0,129.0,17.0,43.0
46.77088696922051,12.10856823426976,1285.0,19.0,7,22,-6,931,134,45,0,109.0,14.0,47.0
46.979319592164224,10.52532231202321,1375.0,35.0,5,20,-7,879,119,33,0,226.0,9.0,51.0
46.47188518655179,12.01218497689958,2164.0,19.0,5,19,-6,1117,158,41,0,259.0,17.0,43.0
46.77323953248494,10.951224459607786,3048.0,38.0,-2,10,-12,1077,113,15,0,164.0,19.0,40.0
46.54068525962174,10.824701709863394,2524.0,36.0,1,14,-9,567,67,25,0,309.0,15.0,47.0
46.47753368964874,11.73940501018854,1447.0,9.0,5,19,-6,943,138,45,0,60.0,13.0,47.0
46.681266753230766,10.889359199766256,2645.0,39.0,2,16,-8,623,78,29,0,75.0,18.0,47.0
46.84635516033129,12.31359811525641,2251.0,28.0,2,15,-9,1399,175,31,0,39.0,15.0,44.0
46.96694953930842,11.239431014854278,2979.0,25.0,0,12,-10,1189,132,20,0,244.0,20.0,44.0
46.68345032742559,11.11113432249941,412.0,6.0,10,26,-3,747,100,38,0,117.0,19.0,44.0
46.488372787226666,10.585090462075447,2547.0,7.0,-2,9,-12,791,85,15,0,90.0,16.0,46.0
46.658975991325846,11.89797322258725,1541.0,3.0,6,21,-5,891,131,46,0,90.0,17.0,40.0
46.44911181827963,11.635644817016583,2048.0,19.0,3,16,-7,906,124,38,0,74.0,16.0,44.0
46.28878583742991,12.000590562068878,975.0,18.0,8,24,-4,962,128,38,0,26.0,19.0,39.0
46.38760453149945,11.944581241260146,1631.0,37.0,6,20,-5,1040,148,42,0,268.0,14.0,48.0
46.38770538563338,10.526846067366812,2995.0,25.0,0,12,-11,582,65,19,0,288.0,17.0,47.0
46.2883831357987,11.94275911374598,1156.0,33.0,6,20,-5,1063,147,39,0,26.0,21.0,36.0
46.91636794498638,10.717187472624373,2700.0,38.0,0,13,-11,957,111,22,0,97.0,17.0,44.0
46.761761345611525,11.193931273083797,1300.0,15.0,7,22,-4,746,104,41,0,38.0,16.0,46.0
46.73686365727773,11.864848947595284,1227.0,26.0,7,21,-5,939,134,44,0,68.0,10.0,48.0
46.5342119007035,11.550017989958278,1059.0,29.0,7,22,-4,755,104,40,0,324.0,18.0,38.0
46.41726583965022,11.850119944391585,2470.0,18.0,1,14,-8,1163,153,32,0,87.0,17.0,44.0
46.64547866386194,11.423893509141278,2206.0,21.0,4,18,-6,743,100,38,0,68.0,15.0,44.0
46.57910638775461,10.70787838472773,2305.0,51.0,3,16,-8,583,73,28,0,14.0,14.0,47.0
46.60778439039109,12.1755560252858,2067.0,50.0,3,16,-8,1229,163,36,0,301.0,16.0,45.0
46.95175455959729,11.451522287932038,1244.0,26.0,5,20,-6,957,130,38,0,128.0,20.0,38.0
46.391063000256246,11.50999656371568,1504.0,39.0,7,21,-4,671,97,47,0,2.0,17.0,40.0
46.460056778901766,10.644466469555196,2916.0,7.0,-2,9,-13,760,80,14,0,68.0,,
46.72635550568744,12.146953631672767,1325.0,16.0,7,22,-6,881,129,46,0,302.0,16.0,40.0
46.92301912536469,11.684954641146897,1955.0,45.0,2,16,-7,1154,148,32,0,139.0,15.0,46.0
46.56093951650879,10.908991447002103,2198.0,22.0,2,15,-8,465,59,31,0,173.0,15.0,46.0
46.872067457390166,11.509063737258552,1255.0,39.0,7,21,-5,898,127,42,0,170.0,13.0,53.0
46.95116718494444,11.16677873598475,3341.0,15.0,-2,9,-12,1287,135,15,0,154.0,,
46.56937397440089,10.92674616663212,2524.0,21.0,3,17,-8,479,62,33,0,141.0,17.0,48.0
46.472018485288864,11.159805703792456,1429.0,22.0,7,23,-4,527,76,46,0,145.0,18.0,40.0
46.56165663549361,11.455592455741598,1382.0,17.0,8,23,-4,697,100,45,0,142.0,15.0,45.0
46.49814987045324,10.724660392826546,2015.0,36.0,0,12,-10,578,66,22,0,310.0,14.0,48.0
46.40356047514705,10.815214279350416,1484.0,33.0,4,18,-7,381,52,41,0,30.0,10.0,50.0
46.51885386362555,11.815132014162584,2740.0,26.0,0,12,-9,1165,141,26,0,242.0,17.0,42.0
46.42983842933063,12.30025161613931,1177.0,41.0,6,20,-6,1136,152,38,0,43.0,21.0,37.0
47.02352096157448,10.77743347626783,2056.0,20.0,1,13,-9,1077,124,22,0,225.0,13.0,48.0
46.62951852750294,11.64037596733822,1295.0,43.0,8,23,-4,793,113,44,0,333.0,17.0,45.0
46.50408390605219,10.562320836771509,3231.0,48.0,-1,10,-12,777,84,16,0,116.0,15.0,49.0
46.34477039562012,10.94848763792339,1397.0,15.0,8,22,-4,461,63,43,0,328.0,18.0,43.0
46.76438316178408,10.953150150667003,2610.0,25.0,-2,10,-12,1029,109,16,0,204.0,20.0,43.0
46.42218032505918,11.19175502538742,1407.0,18.0,7,23,-4,526,75,46,0,216.0,13.0,47.0
46.73268405655634,11.188255732870854,865.0,30.0,9,25,-3,759,104,39,0,199.0,13.0,50.0
46.87922365732392,11.246301619639558,2324.0,37.0,2,16,-8,907,116,31,0,167.0,14.0,46.0
46.48475138678288,12.062496421794163,2120.0,30.0,2,16,-8,1271,171,37,0,77.0,17.0,39.0
46.912591863850416,11.80165682600894,1499.0,42.0,3,16,-8,1170,154,34,0,40.0,11.0,47.0
46.79543305407216,10.91235850932457,2817.0,35.0,-2,9,-12,1109,115,15,0,323.0,,
46.74292442846475,10.924054575474216,2307.0,55.0,0,13,-10,840,96,22,0,125.0,19.0,43.0
46.54586747025967,12.259254641449076,1460.0,17.0,4,18,-7,1208,162,37,0,207.0,11.0,51.0
46.33890173933568,12.252161382279857,1456.0,26.0,6,21,-5,1095,145,38,0,305.0,16.0,45.0
46.783204471753926,11.513001363512275,2127.0,40.0,3,16,-7,941,124,35,0,122.0,15.0,44.0
47.01112762819192,10.82767545167541,2634.0,29.0,0,12,-11,1206,132,20,0,208.0,20.0,41.0
46.42193547906588,11.490940751773666,1119.0,13.0,8,23,-4,664,95,45,0,262.0,14.0,45.0
46.93191352378753,11.54450167134401,1593.0,30.0,3,17,-7,1034,134,34,0,245.0,11.0,47.0
46.5073774582141,11.13448824594454,1470.0,8.0,7,21,-4,511,75,46,0,224.0,20.0,36.0
46.55138767910523,12.101806258197849,1692.0,35.0,5,19,-6,1080,152,42,0,350.0,18.0,41.0
46.29641764929711,11.70108841609881,1528.0,16.0,5,18,-6,903,131,43,0,267.0,13.0,51.0
46.76187833950062,11.969069965474093,1430.0,33.0,7,22,-5,941,134,43,0,297.0,13.0,46.0
46.97767349262156,11.196669850665277,2867.0,32.0,-1,10,-12,1284,135,16,0,0.0,,
46.47248215838246,11.03143717819426,1304.0,32.0,6,21,-5,474,68,47,0,253.0,19.0,40.0
47.0209081166421,11.339050882698466,1625.0,34.0,3,17,-7,1032,133,33,0,35.0,10.0,46.0
46.41827194739267,11.83226130290029,2559.0,27.0,2,15,-8,1128,151,35,0,257.0,16.0,43.0
46.74647407592275,11.896423580573304,1776.0,13.0,7,23,-5,885,126,44,0,304.0,14.0,49.0
46.661242694950246,11.0765775766913,830.0,38.0,9,24,-3,651,92,41,0,331.0,16.0,47.0
46.4405190041372,11.188129829362122,1427.0,9.0,7,22,-4,514,74,48,0,245.0,10.0,49.0
46.95058647849459,11.41070387955298,1273.0,47.0,5,20,-6,951,130,39,0,205.0,15.0,46.0
46.62948515675595,11.986779669842534,2856.0,23.0,2,15,-8,1190,155,33,0,146.0,17.0,43.0
46.38484073368778,11.421503887468884,1431.0,14.0,7,22,-4,593,86,46,0,0.0,14.0,44.0
46.84111931189471,11.570140163848873,1716.0,17.0,6,20,-5,923,129,42,0,45.0,10.0,52.0
46.97793226190171,10.831706613880211,2762.0,43.0,0,12,-11,1159,127,20,0,177.0,17.0,49.0
46.52405014864042,12.211273672745753,2373.0,53.0,3,16,-8,1270,163,33,0,123.0,18.0,42.0
46.49268635852387,12.28271994002515,1756.0,19.0,3,17,-7,1257,164,35,0,155.0,16.0,43.0
46.99636561981459,12.308119501539023,2387.0,17.0,1,14,-10,1449,176,27,0,248.0,17.0,45.0
46.38139307800234,11.072157425741446,654.0,15.0,10,27,-2,657,83,36,0,296.0,14.0,47.0
46.3643470001648,11.093147656646774,824.0,10.0,10,26,-3,632,82,37,0,296.0,20.0,36.0
46.90133381507904,11.238573136600191,2082.0,28.0,1,15,-9,969,120,28,0,324.0,15.0,48.0
46.30679297532348,11.56650678467527,1728.0,53.0,5,20,-5,744,108,44,0,232.0,17.0,42.0
46.34094159968889,12.351874662627912,1657.0,14.0,7,23,-5,1076,135,34,0,285.0,12.0,49.0
46.48616062558444,11.05269785676095,1823.0,6.0,6,20,-5,437,63,47,0,251.0,9.0,51.0
46.51556021231981,11.814131821560409,2512.0,30.0,1,13,-9,1157,142,27,0,297.0,17.0,40.0
46.5635427204338,11.05497837151207,881.0,23.0,8,23,-4,571,82,44,0,13.0,15.0,46.0
46.95627036412641,12.121904596394687,2703.0,5.0,0,13,-10,1417,169,25,0,30.0,17.0,45.0
46.78812489383083,11.715921440193029,1419.0,24.0,8,24,-4,868,123,44,0,195.0,15.0,44.0
46.93508171052895,10.595452341648704,1695.0,14.0,3,17,-8,832,108,30,0,242.0,10.0,47.0
46.30425053944183,11.2028410537848,542.0,17.0,10,25,-2,630,80,36,0,43.0,24.0,36.0
46.60000702763364,10.567727891336306,1304.0,21.0,7,22,-6,524,77,43,0,331.0,16.0,42.0
46.89713193179326,12.336516784544369,2160.0,27.0,2,16,-8,1320,169,33,0,77.0,17.0,42.0
46.26036077051401,10.968476477374985,1794.0,22.0,6,20,-6,342,49,48,0,305.0,17.0,43.0
46.33057664076113,11.174058107362908,1573.0,29.0,7,22,-3,480,67,44,0,60.0,18.0,44.0
46.44556522888381,12.048596118384513,1335.0,21.0,5,20,-6,1072,151,42,0,248.0,20.0,42.0
46.55683599891462,10.863999548999391,2702.0,25.0,1,14,-9,539,63,24,0,342.0,15.0,48.0
46.33510106528031,10.759231627298943,1865.0,22.0,4,18,-7,391,53,38,0,90.0,12.0,51.0
46.2621377653802,11.83677889776268,2375.0,36.0,3,16,-7,1066,145,37,0,158.0,22.0,45.0
46.5788158321836,11.006961839765474,2104.0,35.0,5,20,-6,506,70,40,0,336.0,13.0,46.0
46.99559238662147,10.547922194390528,1922.0,41.0,5,19,-7,905,121,32,0,92.0,14.0,46.0
46.55492515670578,11.801958635621316,2303.0,23.0,3,16,-7,1085,146,36,0,170.0,18.0,41.0
46.58150650210621,12.211926918362447,2729.0,68.0,3,17,-7,1244,165,36,0,288.0,20.0,38.0
46.374990311397376,10.676056349169006,1912.0,21.0,4,18,-9,406,55,41,0,90.0,14.0,46.0
46.98939805726439,11.023981517718822,1765.0,44.0,3,17,-8,947,119,29,0,265.0,13.0,48.0
46.71630109409895,11.537135164197217,1979.0,28.0,4,18,-6,892,122,38,0,8.0,12.0,48.0
46.67994313520534,10.589744481359826,1452.0,31.0,7,22,-5,575,82,38,0,213.0,14.0,47.0
46.24090882145418,11.91765638120764,2388.0,26.0,5,19,-5,1100,153,39,0,332.0,16.0,42.0
46.47729670734878,10.676586852327551,2313.0,15.0,0,11,-11,606,67,19,0,111.0,17.0,45.0
46.30731638983179,11.387201665541712,1438.0,11.0,8,23,-4,586,82,44,0,75.0,12.0,47.0
46.36729896409494,11.385888847321738,1454.0,12.0,8,23,-4,591,84,44,0,147.0,15.0,44.0
46.26770198670849,11.715565684530656,2450.0,16.0,3,16,-7,980,139,40,0,36.0,16.0,44.0
46.43708982233114,12.158570824289937,1828.0,35.0,5,19,-6,1142,157,39,0,50.0,15.0,42.0
46.62988242543324,11.670847989960729,1400.0,36.0,7,21,-4,825,119,44,0,329.0,13.0,45.0
46.98095099064548,12.26555328954411,2652.0,25.0,0,12,-11,1519,177,23,0,108.0,18.0,40.0
46.68745369380349,12.258706701179106,2252.0,47.0,2,15,-8,1301,163,33,0,355.0,16.0,44.0
46.33172256048574,11.572688619438422,1800.0,32.0,5,19,-5,771,110,42,0,13.0,14.0,42.0
46.97873308140131,11.520796865504265,2241.0,12.0,3,16,-7,1073,136,32,0,13.0,17.0,43.0
46.40023765639413,11.012812700668082,648.0,33.0,10,25,-2,636,83,38,0,220.0,15.0,49.0
46.30461745017252,10.534591431063555,2470.0,28.0,1,15,-10,464,57,27,0,145.0,21.0,39.0
46.75132068815841,11.129859027179585,1880.0,26.0,2,16,-8,748,96,32,0,120.0,15.0,39.0
46.247974872925255,12.080397166399823,637.0,38.0,8,23,-4,972,127,36,0,199.0,19.0,39.0
46.62423273063036,10.98800474265594,1119.0,29.0,7,22,-5,584,80,37,0,278.0,19.0,41.0
46.730007573108274,11.803385335970422,1748.0,17.0,5,19,-5,971,137,42,0,238.0,9.0,51.0
46.56208244637544,10.57379412783686,2146.0,24.0,2,15,-9,555,69,29,0,244.0,12.0,50.0
47.0177626002553,12.009262966935216,1605.0,25.0,4,18,-7,1181,160,37,0,156.0,11.0,50.0
46.42843305259279,10.739291606517655,2777.0,30.0,0,12,-11,573,66,23,0,12.0,16.0,47.0
46.41934459312493,11.551183470576484,1404.0,44.0,6,20,-4,721,104,45,0,46.0,18.0,40.0
46.829968326053184,11.904613357547255,1696.0,20.0,6,22,-6,990,136,41,0,129.0,11.0,49.0
46.631566567866,12.188251738881071,2159.0,47.0,3,16,-8,1263,167,36,0,265.0,17.0,42.0
46.94216975371065,11.098996123660132,2806.0,4.0,-1,11,-11,1151,123,17,0,20.0,18.0,47.0
46.768071487550536,12.289693077607604,2265.0,29.0,3,17,-7,1315,168,34,0,231.0,16.0,42.0
46.3024377224666,10.656255610402974,1987.0,31.0,2,16,-8,363,47,36,0,171.0,14.0,47.0
46.82824261493504,11.758097412574005,1280.0,14.0,7,22,-5,926,131,42,0,157.0,15.0,54.0
46.31975612190334,11.96150673979158,1823.0,23.0,7,21,-4,1012,139,39,0,337.0,15.0,44.0
46.27526258013955,11.425061686314953,870.0,24.0,9,24,-4,638,87,41,0,180.0,18.0,47.0
46.81603485281855,10.604994023895138,2155.0,41.0,2,16,-9,782,94,24,0,270.0,12.0,48.0
46.32262315994932,11.156713088507924,1443.0,8.0,8,24,-3,499,69,44,0,277.0,18.0,38.0
46.89556437257109,11.787103337927896,2465.0,56.0,3,16,-8,1163,151,33,0,307.0,16.0,45.0
46.34613128584651,12.168325490499589,884.0,23.0,7,23,-5,970,130,39,0,72.0,18.0,39.0
47.01468613087661,10.659160218631955,1792.0,28.0,3,18,-7,924,119,29,0,50.0,14.0,45.0
46.9833361844201,12.020416933477872,2130.0,28.0,3,16,-8,1281,164,32,0,81.0,14.0,47.0
46.79307065660005,11.155410166946504,2230.0,46.0,3,18,-6,761,103,37,0,288.0,17.0,44.0
46.79060599481781,11.207337620336055,1235.0,32.0,7,23,-5,760,108,41,0,75.0,10.0,49.0
46.575218856519065,11.11807515118732,1339.0,42.0,8,24,-3,608,85,42,0,101.0,8.0,55.0
46.60244446489992,10.521748234257904,2054.0,34.0,3,17,-9,548,74,34,0,146.0,16.0,44.0
46.8400376021243,11.886106015073146,1921.0,31.0,5,20,-6,1061,144,38,0,270.0,11.0,50.0
46.77146945417704,11.89216055154578,905.0,21.0,8,24,-5,863,121,43,0,213.0,15.0,45.0
46.45684198557241,11.201508947323822,1492.0,16.0,8,23,-4,551,77,45,0,331.0,17.0,42.0
46.99604931282438,10.918631821165029,2904.0,26.0,0,12,-11,1168,127,18,0,177.0,17.0,45.0
46.67195887378863,12.329148746912242,2515.0,54.0,3,17,-8,1244,163,36,0,136.0,17.0,43.0
46.96534544369231,10.581674976746507,1943.0,22.0,5,20,-6,825,112,33,0,156.0,13.0,48.0
46.67024716227097,10.638513753949054,2179.0,31.0,4,19,-7,601,78,31,0,267.0,12.0,47.0
46.4020044677924,10.811332979256845,1616.0,28.0,4,17,-7,377,52,41,0,10.0,12.0,50.0
46.72890548480036,11.35048925795536,1511.0,26.0,6,20,-5,755,109,44,0,334.0,11.0,49.0
46.26562275267878,12.18564334423108,1690.0,31.0,6,21,-5,1129,151,38,0,119.0,16.0,42.0
46.27550542879972,12.2932488408151,839.0,24.0,9,25,-4,1025,127,32,0,80.0,22.0,39.0
46.72299579818748,11.35257554558084,1699.0,20.0,6,20,-5,752,108,44,0,278.0,12.0,49.0
46.74425795814849,10.817811389813953,2199.0,50.0,0,13,-10,800,93,22,0,94.0,16.0,45.0
46.69396541436786,11.161270574473727,625.0,4.0,10,27,-2,784,101,36,0,103.0,18.0,46.0
46.78509649494823,12.344688223785502,2107.0,39.0,3,17,-7,1330,172,34,0,118.0,18.0,44.0
46.55671886007144,11.023662896314324,1089.0,20.0,7,21,-5,511,73,45,0,149.0,14.0,47.0
46.33545100979843,11.007196315905208,943.0,25.0,9,25,-3,561,74,39,0,130.0,22.0,40.0
46.80702879809896,12.276601567552955,2181.0,30.0,2,15,-8,1352,172,33,0,166.0,15.0,46.0
46.9717801397026,11.282613537840533,2360.0,32.0,1,13,-9,1135,132,23,0,169.0,19.0,41.0
46.25043810809825,10.585074345289598,2048.0,34.0,1,15,-9,366,45,30,0,309.0,11.0,57.0
46.61176360639462,11.954599558116454,2696.0,17.0,2,16,-8,1177,154,34,0,124.0,17.0,49.0
46.82601719183294,11.205002755393917,1202.0,22.0,6,21,-5,792,109,38,0,177.0,14.0,50.0
46.899667099142114,12.314214770776232,2207.0,50.0,2,16,-8,1327,169,32,0,14.0,14.0,47.0
46.55959414890109,11.376953054514146,867.0,35.0,9,25,-3,703,97,41,0,270.0,17.0,46.0
46.28942922852647,10.526083391017163,1697.0,38.0,3,17,-9,428,56,35,0,170.0,13.0,49.0
47.02509453786379,12.020606625327256,1676.0,39.0,4,18,-7,1197,160,36,0,229.0,13.0,48.0
46.53017182740205,11.916226036030851,2078.0,17.0,4,18,-7,1102,156,41,0,203.0,20.0,37.0
46.448103150039245,10.970703742820367,1946.0,40.0,4,18,-6,395,56,44,0,358.0,13.0,48.0
46.7214005989384,11.756568215441272,1652.0,27.0,6,20,-5,907,129,43,0,291.0,13.0,46.0
46.76393560526787,10.712865130177068,2645.0,20.0,-2,9,-12,1089,114,15,0,203.0,16.0,46.0
46.89111358585652,11.391010518744793,1188.0,30.0,7,22,-5,880,124,42,0,185.0,17.0,44.0
46.6686972571049,12.094059419810543,2188.0,2.0,3,16,-7,1231,163,35,0,124.0,15.0,43.0
46.85963419226222,10.665836914275085,2569.0,15.0,-1,12,-12,1046,113,17,0,175.0,16.0,43.0
46.56414353712967,11.39818230574208,1367.0,28.0,8,24,-3,693,97,43,0,302.0,15.0,45.0
46.789806471167566,11.660469052214172,962.0,22.0,8,24,-3,865,122,43,0,69.0,11.0,60.0
46.241029138072605,10.755526090799004,2326.0,40.0,2,16,-8,289,37,37,0,62.0,16.0,53.0
46.57762482022098,11.233996565421462,1156.0,23.0,10,26,-3,712,93,38,0,221.0,18.0,48.0
46.66514727280661,11.858847986009934,2111.0,36.0,6,20,-5,973,141,44,0,107.0,12.0,47.0
46.46658924342944,12.203058746463364,1004.0,7.0,6,22,-6,1012,138,40,0,270.0,17.0,43.0
46.98514442810545,12.113099702669397,2139.0,28.0,1,14,-9,1409,171,26,0,213.0,14.0,44.0
46.89964520637548,11.35947578677265,1271.0,25.0,6,21,-5,885,124,42,0,139.0,14.0,47.0
46.59486393508395,10.983423088511644,2052.0,27.0,5,19,-6,497,68,37,0,336.0,13.0,51.0
46.50129197929552,11.584437353214952,2237.0,24.0,5,19,-6,796,111,41,0,312.0,17.0,43.0
46.33136082816575,10.741516840241234,2078.0,36.0,5,19,-6,407,55,39,0,247.0,13.0,47.0
46.78470322561709,11.2490617617461,1107.0,46.0,7,22,-5,770,108,40,0,220.0,14.0,50.0
46.50455827009785,10.840625191884016,2154.0,29.0,1,13,-9,525,63,27,0,73.0,14.0,44.0
46.639512238204745,12.13545296372865,2741.0,31.0,2,15,-8,1285,166,34,0,287.0,18.0,42.0
46.45117403125218,10.816418570165604,2826.0,21.0,1,14,-9,466,57,27,0,104.0,15.0,52.0
46.66615722820987,10.55999077531452,903.0,2.0,8,24,-5,594,88,40,0,36.0,15.0,49.0
46.39366746570408,11.362153489285106,1141.0,12.0,9,25,-3,628,86,41,0,48.0,16.0,41.0
46.778915097313856,11.441885618138654,1897.0,28.0,3,17,-7,871,117,37,0,277.0,12.0,49.0
46.61238065076902,10.673096762430358,1063.0,14.0,7,22,-5,528,76,40,0,333.0,15.0,44.0
46.9247047959004,10.653403218161838,2803.0,36.0,0,11,-11,1118,120,17,0,163.0,18.0,44.0
46.231518828514346,11.206025612604762,642.0,16.0,11,27,-2,677,84,33,0,47.0,21.0,38.0
46.70480667330269,10.658560511731478,2464.0,39.0,1,14,-10,732,85,22,0,294.0,15.0,48.0
46.61506875968279,11.19328398888558,375.0,32.0,11,28,-2,780,98,34,0,242.0,17.0,48.0
46.59756905066086,11.19036973106285,261.0,2.0,12,29,-2,802,99,32,0,236.0,14.0,44.0
46.4303594416285,10.569113396222091,2439.0,31.0,-2,10,-12,687,75,17,0,109.0,18.0,39.0
46.6366800603986,12.174514912287751,2003.0,48.0,3,16,-8,1275,167,35,0,211.0,15.0,44.0
46.91964019071992,10.557499005034392,2301.0,31.0,2,16,-8,894,110,26,0,292.0,15.0,47.0
46.31291530967261,11.243196351935826,213.0,2.0,12,29,-2,792,96,28,0,216.0,17.0,44.0
46.67829400719621,10.841380269084944,2712.0,15.0,1,14,-10,736,86,23,0,111.0,17.0,44.0
46.9381936502805,10.724467346945614,2277.0,38.0,1,14,-10,939,112,24,0,109.0,15.0,44.0
46.7458293779487,11.164546878297909,2024.0,19.0,6,20,-5,738,100,37,0,352.0,14.0,47.0
46.67334147340629,11.878343106364936,1539.0,36.0,6,21,-5,921,135,46,0,60.0,16.0,42.0
46.53090567659567,11.55603011702744,1312.0,15.0,6,22,-4,758,104,40,0,345.0,19.0,40.0
46.68371640941291,11.708354308539796,2006.0,6.0,5,19,-5,917,128,41,0,71.0,13.0,48.0
46.310458715878944,10.944121105411046,2087.0,11.0,4,19,-6,275,38,47,0,194.0,20.0,38.0
46.61768462347668,11.183718633968354,268.0,1.0,12,29,-2,800,99,32,0,180.0,13.0,48.0
46.87081375529293,10.66486341732072,2861.0,24.0,-1,11,-12,1063,114,16,0,171.0,19.0,37.0
46.29330882333493,12.177429401456994,1837.0,29.0,5,20,-6,1146,156,38,0,31.0,16.0,41.0
46.78414125583273,10.5346300564596,1489.0,0.0,4,18,-8,672,91,33,0,0.0,,
47.00102179718959,11.244489925006771,2637.0,37.0,1,14,-10,1136,132,23,0,330.0,16.0,44.0
46.43470955015966,12.028406327859308,1728.0,26.0,7,22,-5,976,139,44,0,340.0,16.0,43.0
46.88274902395119,11.852301389294448,1578.0,33.0,5,19,-6,1079,149,39,0,29.0,12.0,49.0
46.60877863431998,11.50101262277111,1401.0,29.0,7,22,-4,768,106,41,0,97.0,12.0,48.0
46.99984680752412,10.88400345338904,2436.0,19.0,0,12,-11,1141,126,19,0,259.0,18.0,44.0
46.81540741371984,10.87358661452989,3312.0,12.0,-1,10,-12,1055,110,15,0,146.0,16.0,47.0
46.71542508171065,10.715257238879955,2892.0,38.0,-1,11,-11,906,97,17,0,314.0,14.0,48.0
46.63224431428704,10.663746221485484,1080.0,26.0,6,21,-6,537,76,38,0,229.0,16.0,49.0
46.65332319618772,11.40022828986395,2113.0,26.0,5,19,-5,719,100,41,0,229.0,13.0,46.0
46.590989832775456,11.19096221158454,258.0,3.0,12,28,-2,799,99,32,0,236.0,15.0,46.0
47.01732892538959,10.619025830086583,1234.0,61.0,6,22,-5,840,120,36,0,323.0,10.0,49.0
46.43211329915192,12.014947084839456,1488.0,33.0,7,22,-5,954,136,44,0,237.0,19.0,40.0
46.3223279317507,10.505586679781764,2613.0,45.0,1,13,-10,512,61,24,0,289.0,17.0,44.0
46.31437181041254,11.985803826561334,1754.0,48.0,7,22,-4,990,134,38,0,101.0,14.0,43.0
46.81112588828304,10.732947769314288,2979.0,21.0,-4,7,-13,1221,125,14,0,30.0,,
46.53126855873177,10.883861804033812,2231.0,22.0,2,15,-8,470,60,32,0,69.0,16.0,44.0
46.68665698075412,11.886380502899996,1198.0,18.0,7,21,-5,888,131,46,0,129.0,17.0,38.0
46.86237950900133,10.76188562647577,2888.0,8.0,-4,7,-14,1226,127,15,0,29.0,,
46.36018705096434,10.80654684708258,2679.0,20.0,2,15,-7,370,47,33,0,313.0,20.0,43.0
46.733840237014896,10.941250637380158,2419.0,29.0,1,15,-9,740,87,25,0,257.0,14.0,46.0
46.92758735515487,11.171514672932735,2565.0,38.0,-1,11,-11,1201,130,18,0,160.0,16.0,45.0
46.58914392502764,11.777663899047356,2623.0,3.0,3,15,-7,1071,143,35,0,124.0,18.0,38.0
46.72615454645438,12.182856052730898,1344.0,18.0,6,22,-6,918,133,45,0,307.0,14.0,41.0
46.62955144997058,11.89851414486374,1362.0,37.0,6,21,-5,919,135,46,0,338.0,9.0,46.0
46.65274066001383,11.23257178060345,1345.0,24.0,7,23,-4,634,92,46,0,171.0,16.0,48.0
46.726263143706944,12.195580478878275,1271.0,15.0,6,22,-6,920,133,45,0,355.0,17.0,40.0
46.86139094624406,10.76095008002372,2900.0,3.0,-4,7,-14,1226,127,15,0,26.0,,
46.685604636259264,11.887016777623348,1196.0,43.0,7,21,-5,888,131,46,0,317.0,18.0,36.0
46.79211503333098,11.907478228007264,921.0,20.0,8,24,-5,877,124,43,0,36.0,11.0,49.0
46.62259645689692,11.835785910011133,1677.0,15.0,3,16,-7,1088,147,37,0,345.0,16.0,41.0
46.883064052677646,11.140195272830368,1571.0,29.0,2,16,-8,857,108,31,0,217.0,11.0,48.0
46.33091739040358,12.083346051216068,2068.0,76.0,5,19,-6,1133,155,39,0,98.0,14.0,44.0
46.65911009845483,11.43977458094398,2141.0,12.0,3,17,-7,771,103,37,0,139.0,15.0,45.0
46.802505915767554,11.851098019751518,897.0,28.0,8,24,-4,873,123,43,0,221.0,13.0,46.0
46.67952223115044,11.619579002183253,628.0,35.0,9,24,-4,822,113,41,0,116.0,18.0,48.0
46.88747436083704,11.62067603731414,1776.0,7.0,2,15,-8,1152,143,29,0,180.0,15.0,45.0
46.41039438560816,11.141022744233592,1002.0,8.0,9,25,-3,586,80,42,0,299.0,20.0,43.0
46.9833638504848,11.36444799202327,2714.0,55.0,2,16,-8,1062,134,31,0,262.0,18.0,44.0
46.34017134408231,12.205641399767128,808.0,5.0,7,22,-5,1005,134,38,0,330.0,16.0,41.0
46.92354703800738,10.53438266574014,2248.0,30.0,4,18,-8,857,110,28,0,238.0,18.0,41.0
46.96065555999111,10.691650612799082,2809.0,30.0,-1,11,-11,1210,127,16,0,42.0,18.0,44.0
46.79232050442056,12.22555077073173,1815.0,39.0,5,20,-6,1111,155,41,0,268.0,12.0,49.0
46.81556424058794,11.293623156901482,1765.0,22.0,5,20,-6,792,111,40,0,14.0,13.0,50.0
46.95423744116715,12.07210264137436,1742.0,31.0,1,15,-9,1326,166,30,0,261.0,14.0,44.0
46.32866828897027,12.06922001888402,2381.0,51.0,5,19,-6,1136,154,37,0,219.0,20.0,45.0
46.47732134309626,11.121616630462904,1315.0,26.0,8,23,-4,534,77,46,0,68.0,20.0,40.0
46.821776303586645,11.20980242493603,818.0,35.0,6,21,-5,789,109,39,0,137.0,17.0,47.0
46.709934793693066,11.973649932288934,2203.0,33.0,4,19,-6,1066,148,41,0,270.0,17.0,42.0
46.91669800221881,11.27562279652027,1599.0,34.0,3,17,-7,950,123,32,0,51.0,10.0,48.0
46.50558168857536,11.148169225036227,1535.0,13.0,7,22,-4,522,76,46,0,249.0,20.0,37.0
46.408208811001245,11.346145118266556,1098.0,34.0,10,26,-3,686,89,37,0,0.0,16.0,46.0
46.36983388912646,10.763913862689312,2639.0,45.0,2,16,-8,351,46,36,0,27.0,18.0,45.0
46.95754800593434,11.283889620599146,2317.0,41.0,1,15,-9,1065,130,27,0,30.0,15.0,48.0
46.732650994167216,11.586192149585234,1547.0,24.0,6,20,-5,866,124,43,0,12.0,10.0,50.0
46.63946259810562,10.898221148918578,1315.0,29.0,6,21,-6,595,81,35,0,187.0,18.0,45.0
46.91440103615442,11.542653996290628,2199.0,32.0,3,17,-7,1039,133,33,0,200.0,16.0,45.0
46.62913331824209,12.36462851453424,2155.0,47.0,2,16,-8,1325,170,33,0,0.0,17.0,38.0
46.8263213481621,10.625947485557996,2235.0,12.0,1,13,-10,915,103,20,0,13.0,16.0,44.0
46.39271714004813,12.179839522090834,1700.0,1.0,6,20,-6,1119,155,40,0,270.0,17.0,41.0
46.53007266107563,11.669195082156616,1685.0,7.0,5,19,-6,886,126,43,0,305.0,17.0,38.0
46.46347361043787,11.599029873163804,1727.0,28.0,4,18,-6,825,115,41,0,282.0,10.0,49.0
46.58024148727956,11.481104204767933,1578.0,6.0,7,21,-4,729,103,43,0,180.0,9.0,51.0
46.83857434570916,11.429907947068388,2174.0,29.0,4,18,-6,879,120,39,0,47.0,16.0,40.0
46.28954407469303,11.125761198669997,1050.0,25.0,9,25,-3,552,73,40,0,243.0,22.0,36.0
46.44492993492204,11.198589453582208,1542.0,4.0,8,23,-4,541,76,46,0,224.0,19.0,39.0
46.86674281053866,11.485196037737232,946.0,4.0,7,22,-5,876,126,43,0,283.0,14.0,49.0
46.919464128464845,12.070885725317469,2573.0,38.0,1,14,-9,1343,165,28,0,46.0,16.0,49.0
46.24514047844778,11.756927357702375,2064.0,35.0,4,18,-6,1064,156,44,0,163.0,15.0,46.0
46.935752890780535,11.565351801934952,1929.0,28.0,3,17,-7,1056,135,33,0,16.0,14.0,46.0
46.308595530729725,10.945908763463295,2086.0,13.0,5,19,-6,295,41,46,0,62.0,19.0,40.0
46.54555828322688,12.052992124861618,2509.0,48.0,2,15,-8,1264,166,33,0,26.0,16.0,41.0
46.55288723424557,10.764334281925588,1943.0,25.0,3,17,-8,500,64,32,0,120.0,11.0,49.0
46.73342814666471,10.66306337963719,2337.0,34.0,1,13,-10,773,90,21,0,150.0,19.0,44.0
46.92698531066186,10.730104811793748,2028.0,39.0,1,14,-10,897,109,25,0,58.0,13.0,47.0
46.93990032881977,11.288562829946896,2321.0,33.0,2,16,-8,1006,128,31,0,195.0,20.0,41.0
46.49675765124996,11.668793572646011,2160.0,27.0,3,16,-7,939,129,39,0,140.0,15.0,42.0
46.25669451681678,11.179422208825752,425.0,34.0,11,27,-2,648,81,34,0,157.0,18.0,48.0
46.51816010136098,11.94755401128686,2148.0,18.0,3,17,-7,1159,161,39,0,216.0,21.0,36.0
47.00506227355363,10.91099246434136,3279.0,41.0,0,12,-11,1184,128,18,0,76.0,,
46.92063740631493,10.76252290591004,2858.0,21.0,-2,10,-12,1138,120,17,0,349.0,18.0,47.0
46.37438636212087,11.38138913811394,1508.0,24.0,8,23,-4,597,84,44,0,322.0,15.0,43.0
46.81973673251144,11.458790741352535,2047.0,44.0,3,18,-7,894,120,37,0,112.0,15.0,44.0
46.4029706494677,11.25326833027622,298.0,5.0,11,28,-2,745,93,33,0,125.0,17.0,43.0
47.0129054627248,12.06180031419559,1876.0,45.0,4,17,-8,1231,162,35,0,19.0,11.0,50.0
46.77957330130753,12.184548093632024,1328.0,11.0,5,20,-6,1033,146,42,0,152.0,14.0,46.0
46.95711259218416,10.534907174827977,1346.0,30.0,5,19,-7,852,114,31,0,311.0,12.0,46.0
46.44756468614164,11.578577922493436,1647.0,9.0,6,20,-5,766,110,44,0,310.0,11.0,47.0
46.62536878090763,11.258313554943213,1597.0,2.0,7,21,-4,626,90,45,0,36.0,18.0,42.0
46.43931043031153,10.762345938675482,1862.0,34.0,1,14,-10,485,59,29,0,97.0,12.0,46.0
46.70491413102099,12.134653506457166,1711.0,17.0,5,20,-7,1014,144,42,0,115.0,16.0,42.0
46.36902552206705,11.74410680949033,1870.0,33.0,3,16,-7,1015,143,40,0,336.0,11.0,46.0
46.55128690215552,12.067740653096308,3081.0,61.0,2,15,-7,1238,163,34,0,45.0,19.0,45.0
46.26683213939092,11.47087075019766,1283.0,11.0,8,23,-4,656,90,41,0,0.0,14.0,45.0
46.37618802844072,12.293108163840037,1349.0,21.0,7,22,-5,1059,139,37,0,287.0,16.0,42.0
46.5392805618194,10.959309483476472,1441.0,30.0,4,18,-7,464,63,40,0,204.0,13.0,50.0
46.95807946612239,11.318049879424953,2008.0,33.0,2,16,-8,1031,129,30,0,24.0,12.0,46.0
46.98497425085007,11.641947353218082,1740.0,26.0,2,15,-8,1167,149,31,0,174.0,14.0,45.0
46.97504418863358,11.74155336724982,2874.0,25.0,-1,10,-11,1442,160,19,0,354.0,,
46.43818049335856,10.558828510781826,2789.0,36.0,-1,11,-12,650,72,18,0,77.0,18.0,41.0
46.989693348952684,12.08326294584134,2476.0,32.0,2,15,-9,1367,169,28,0,69.0,17.0,40.0
46.84299611397046,11.125538822566586,2516.0,27.0,3,16,-8,831,106,32,0,133.0,17.0,47.0
46.77732938887621,11.427064430819522,1736.0,27.0,4,18,-7,847,115,38,0,349.0,11.0,48.0
46.289886334001686,11.360101670086271,1458.0,6.0,9,24,-3,584,81,42,0,166.0,11.0,50.0
46.99961228317654,10.504891974652866,1973.0,28.0,2,16,-9,1073,128,25,0,177.0,15.0,43.0
46.51674027877206,11.6042228584047,1784.0,21.0,4,18,-6,823,116,40,0,272.0,16.0,40.0
46.33834279233158,12.215853541652018,840.0,39.0,7,22,-5,1001,133,38,0,20.0,17.0,42.0
46.37679448459383,11.334528636888953,1083.0,8.0,10,27,-3,704,90,36,0,305.0,16.0,45.0
46.8330320427677,12.292254745212585,2296.0,24.0,2,16,-8,1365,173,32,0,216.0,17.0,43.0
46.75375661922365,12.008751363014396,1313.0,23.0,6,21,-5,940,133,43,0,110.0,15.0,46.0
47.00986097359815,11.69211250267379,2405.0,37.0,1,14,-9,1250,153,28,0,242.0,14.0,57.0
46.405506543648194,11.415720617781655,1205.0,33.0,8,23,-4,602,87,45,0,4.0,14.0,51.0
46.26083198423826,12.265866946867488,778.0,30.0,9,24,-4,1008,125,33,0,329.0,19.0,40.0
46.67180092850705,12.369264598955086,1715.0,14.0,4,18,-7,1210,161,37,0,317.0,15.0,43.0
46.32537332348552,11.08554226717904,706.0,11.0,11,27,-3,668,84,34,0,224.0,20.0,40.0
46.32120254352067,10.860669145557305,866.0,33.0,7,23,-5,454,63,44,0,322.0,14.0,51.0
46.60686436445564,12.266254307203756,1782.0,13.0,3,17,-7,1289,170,36,0,69.0,16.0,40.0
46.48341465734563,12.079787724451974,2099.0,26.0,3,16,-7,1262,170,37,0,343.0,18.0,40.0
46.70400427850651,10.56972006949518,1984.0,24.0,7,22,-6,590,85,38,0,244.0,14.0,52.0
46.58045590528434,11.492089941302122,1467.0,15.0,8,23,-4,747,103,42,0,58.0,13.0,49.0
46.48038230127976,10.622730905633258,3007.0,11.0,-2,9,-12,761,81,15,0,144.0,15.0,51.0
46.75604219298602,11.507304573178384,2234.0,2.0,2,15,-8,947,122,33,0,124.0,14.0,46.0
46.5691425907986,11.47320895191114,1380.0,24.0,7,22,-4,714,102,44,0,98.0,12.0,51.0
46.24887328258821,10.93614140994857,1466.0,6.0,4,18,-7,289,41,46,0,346.0,12.0,46.0
46.37706506360004,10.500961575521494,2553.0,23.0,0,12,-11,571,65,20,0,97.0,18.0,45.0
46.86517771222835,12.256532796958105,1894.0,41.0,2,16,-8,1334,172,33,0,263.0,16.0,45.0
46.84003237792066,11.15633311884865,1575.0,53.0,4,18,-7,785,106,37,0,123.0,13.0,47.0
46.61129503647988,10.570821732615352,1105.0,28.0,7,22,-6,534,80,43,0,135.0,11.0,49.0
46.84089599162926,12.340710312378434,1863.0,31.0,2,15,-8,1380,174,32,0,281.0,13.0,49.0
46.6453086369077,11.129515420761734,799.0,40.0,10,27,-3,719,94,37,0,84.0,15.0,48.0
46.51168514736416,10.707099159654808,2457.0,18.0,0,12,-10,607,69,22,0,168.0,17.0,43.0
46.798937873725166,12.095256792674723,1935.0,16.0,6,20,-6,1018,144,42,0,283.0,12.0,50.0
46.95396119921037,11.01899200499367,1551.0,35.0,4,18,-8,832,112,34,0,258.0,10.0,48.0
46.53532593154128,11.300434401782702,1235.0,3.0,9,25,-2,696,93,39,0,154.0,15.0,49.0
46.99063198088409,10.733210187382126,1780.0,26.0,2,16,-9,942,117,27,0,8.0,13.0,46.0
46.30061268707166,11.970948080766124,1273.0,33.0,7,22,-4,1006,138,39,0,163.0,22.0,44.0
46.93315717133083,12.33743236511348,1759.0,23.0,2,15,-9,1386,176,31,0,219.0,14.0,47.0
46.3623901251227,11.64756979177078,1178.0,23.0,6,20,-5,818,120,46,0,315.0,12.0,46.0
46.97974141566618,10.93373333026729,2395.0,22.0,0,12,-11,1146,124,18,0,79.0,15.0,40.0
46.890533421801344,10.93167169322512,2771.0,31.0,-1,12,-11,1038,115,19,0,152.0,18.0,43.0
46.40493094751388,10.830617088811998,1154.0,23.0,4,18,-7,398,55,40,0,9.0,15.0,48.0
46.88700230741398,12.290570793598736,2240.0,25.0,2,16,-8,1340,171,32,0,100.0,15.0,46.0
47.0007290752925,10.608680683291023,1549.0,22.0,6,21,-6,842,117,34,0,14.0,13.0,50.0
46.70480348202046,11.469641555854508,2458.0,27.0,3,17,-7,845,113,37,0,188.0,17.0,46.0
46.54480896714728,10.825693900556209,2563.0,13.0,2,14,-9,555,67,26,0,295.0,14.0,49.0
47.02240300167802,11.419014315885644,1659.0,23.0,5,19,-6,1009,135,37,0,164.0,13.0,49.0
46.40807808918285,12.026089553294527,1097.0,33.0,7,21,-5,997,138,41,0,218.0,14.0,40.0
46.941690811868455,10.565713736248668,1830.0,17.0,4,19,-7,829,110,31,0,90.0,11.0,53.0
46.446692540038505,11.231987710805882,856.0,23.0,10,25,-3,657,86,39,0,74.0,24.0,35.0
46.90768513579353,10.583499829954238,2122.0,35.0,1,15,-9,929,109,23,0,98.0,15.0,46.0
46.75093815153864,12.014276946555889,1155.0,16.0,7,21,-5,934,133,43,0,124.0,14.0,44.0
46.45340294986323,11.875332811991097,2201.0,17.0,2,16,-8,1142,155,36,0,43.0,17.0,41.0
46.43618266311122,11.197428586199266,1536.0,16.0,8,23,-4,543,77,46,0,243.0,11.0,48.0
46.29395544053143,11.427783277238907,1166.0,23.0,8,23,-4,620,86,43,0,196.0,14.0,51.0
47.01853474369583,12.173155628627253,2801.0,21.0,-1,11,-11,1528,173,21,0,173.0,17.0,43.0
46.61193590770445,11.42641969016302,1902.0,38.0,5,19,-6,716,100,42,0,301.0,11.0,53.0
46.50626295438969,12.042634627506224,2237.0,20.0,3,16,-7,1247,169,37,0,337.0,16.0,43.0
46.917473764102525,11.517360108104072,1239.0,8.0,4,19,-7,986,132,36,0,170.0,12.0,46.0
46.920392938780125,11.475251322278018,1790.0,16.0,5,20,-6,946,128,38,0,254.0,13.0,48.0
46.79321532996676,12.122319506706203,1963.0,23.0,5,19,-6,1089,149,40,0,237.0,11.0,51.0
46.72178511170508,11.772350808354702,1692.0,42.0,6,20,-5,908,129,44,0,7.0,13.0,48.0
46.93111828649359,10.854353391235664,2538.0,20.0,-1,11,-11,1082,120,19,0,324.0,15.0,48.0
46.821186252301096,11.12717496580091,1843.0,43.0,3,17,-7,814,106,33,0,158.0,15.0,48.0
46.67209950038946,10.502611976165198,1360.0,33.0,5,20,-6,593,84,38,0,154.0,13.0,50.0
46.23453583385946,11.449459805996124,1671.0,21.0,6,20,-5,593,85,45,0,46.0,11.0,52.0
46.48925082266362,10.657777405504325,2532.0,35.0,-1,10,-12,724,77,16,0,139.0,19.0,43.0
46.43622229507701,11.68198098178949,1563.0,22.0,6,19,-5,848,125,45,0,111.0,17.0,38.0
46.88101240310093,10.51748241536812,1591.0,17.0,4,18,-8,775,104,31,0,276.0,15.0,42.0
46.83512953769762,10.700566516035732,2827.0,35.0,-2,9,-12,1114,117,15,0,328.0,18.0,47.0
46.89807742077289,11.308788711488384,1508.0,16.0,5,20,-6,874,122,40,0,70.0,10.0,48.0
46.971222733003465,11.683492590949236,2603.0,57.0,0,13,-10,1273,151,24,0,12.0,15.0,48.0
46.77691818566341,12.253093552594994,2014.0,23.0,4,18,-7,1231,163,36,0,110.0,15.0,47.0
46.361867751384224,12.27192289055146,1745.0,33.0,5,20,-5,1163,155,38,0,286.0,16.0,43.0
46.69278303516625,10.626460085556806,1593.0,30.0,3,18,-8,628,79,29,0,316.0,15.0,47.0
46.26585805313382,11.661602182812228,1944.0,23.0,4,17,-6,886,129,43,0,259.0,11.0,47.0
46.826075713243625,12.312276481741502,2484.0,35.0,2,16,-8,1371,174,33,0,125.0,19.0,41.0
46.53475737563121,11.612011585304645,1857.0,5.0,5,19,-6,814,115,41,0,330.0,16.0,41.0
46.58869698518297,11.297457746744138,1411.0,18.0,7,22,-4,634,91,46,0,132.0,19.0,41.0
46.8867755414064,11.486029345441644,1547.0,32.0,7,22,-5,891,127,43,0,223.0,13.0,46.0
46.29501778570402,10.913346903093002,2210.0,32.0,5,19,-6,328,45,43,0,42.0,17.0,38.0
46.33397865920743,10.930707706964617,1494.0,9.0,7,22,-5,427,58,43,0,240.0,16.0,42.0
46.81144629726165,10.55905136969427,1686.0,29.0,3,16,-8,742,94,27,0,182.0,16.0,46.0
46.73763443434778,11.285389077483153,2490.0,47.0,3,17,-7,760,100,35,0,39.0,14.0,47.0
46.581463949276426,11.921859982654144,1520.0,17.0,5,19,-7,1056,150,42,0,238.0,15.0,42.0
46.9410364212108,11.2659540428077,2042.0,28.0,2,15,-8,1014,127,29,0,265.0,16.0,46.0
46.79843705531487,12.123868975770474,2112.0,26.0,5,19,-7,1117,152,39,0,169.0,12.0,46.0
46.60606506860725,12.116829406971762,1693.0,21.0,5,18,-6,1119,156,41,0,187.0,15.0,46.0
46.92076091834969,10.847441988422766,2878.0,51.0,-2,9,-12,1193,130,17,0,310.0,17.0,50.0
46.59053273717163,10.78785120409771,1730.0,19.0,7,22,-5,521,74,39,0,15.0,14.0,46.0
46.72784080874053,11.923598878224016,1532.0,16.0,6,21,-6,961,137,43,0,111.0,13.0,47.0
46.95515255675416,11.05059861584194,2264.0,29.0,1,14,-10,1037,118,22,0,2.0,12.0,47.0
46.612680658276695,11.990007190590706,2342.0,5.0,1,14,-8,1232,156,31,0,260.0,15.0,41.0
46.42646209628406,11.636153820146667,2073.0,19.0,4,17,-6,873,124,41,0,152.0,18.0,42.0
46.62069677292645,10.87548985466517,674.0,8.0,7,23,-5,584,82,38,0,331.0,18.0,45.0
46.48884643331522,11.71883022428564,1715.0,11.0,4,18,-7,956,136,42,0,76.0,11.0,50.0
47.01286505399663,11.310669822034102,1612.0,34.0,3,17,-7,1043,133,32,0,310.0,12.0,48.0
46.28711153029152,10.522247316456824,1549.0,21.0,3,18,-8,421,56,38,0,194.0,13.0,47.0
47.00518371205115,11.240169363056369,2320.0,20.0,1,14,-9,1108,131,25,0,306.0,15.0,45.0
46.83197103733451,11.729048395176338,824.0,11.0,7,23,-4,900,129,44,0,240.0,12.0,60.0
46.8058873673116,12.198098453355492,1831.0,25.0,4,19,-7,1163,160,40,0,86.0,9.0,51.0
47.01470444753931,10.953130973053552,2433.0,28.0,1,15,-9,1054,124,24,0,92.0,17.0,45.0
46.61334443417285,10.534864091774242,1963.0,32.0,5,19,-7,549,77,37,0,117.0,12.0,49.0
46.97855217751245,11.95123822235963,1281.0,34.0,6,20,-6,1058,149,41,0,317.0,8.0,51.0
46.93183166313554,11.4995268938952,2507.0,34.0,4,18,-6,993,131,35,0,274.0,17.0,44.0
46.51421535823747,12.04232249624943,2065.0,31.0,3,16,-7,1249,168,36,0,270.0,19.0,39.0
46.389310396656846,12.328336657811263,1271.0,24.0,8,24,-5,999,128,36,0,116.0,20.0,36.0
46.38874625074728,11.997579406068825,873.0,21.0,7,21,-5,981,137,41,0,155.0,17.0,40.0
46.9867595187076,11.75410880045096,2470.0,20.0,-1,11,-11,1428,160,20,0,275.0,12.0,54.0
46.97455274707384,10.559582121352888,1084.0,25.0,6,21,-5,821,116,35,0,330.0,14.0,45.0
46.46728676781643,11.646696121451695,2732.0,39.0,2,14,-8,957,125,33,0,211.0,18.0,44.0
46.79777082971961,12.129191451022471,2076.0,11.0,4,18,-7,1152,154,38,0,236.0,14.0,47.0
46.7167286647035,11.96548352958047,1927.0,17.0,4,19,-6,1050,147,41,0,261.0,15.0,40.0
46.66526352431537,12.173785289771129,2031.0,28.0,3,16,-8,1246,165,36,0,261.0,15.0,45.0
46.61218839937682,11.966249888975405,2541.0,5.0,1,15,-8,1203,154,32,0,132.0,19.0,42.0
46.81170054036327,11.48486728875108,2197.0,32.0,3,17,-7,901,120,37,0,9.0,11.0,56.0
46.74700037142189,11.609922449922207,1410.0,28.0,7,22,-4,849,122,45,0,86.0,13.0,47.0
46.57458494111153,12.130806448390798,1870.0,68.0,5,19,-6,1093,153,41,0,213.0,14.0,44.0
46.671448335730894,11.432121540583909,2015.0,31.0,4,18,-7,766,104,39,0,121.0,12.0,48.0
47.02240152156681,10.92771775616366,2721.0,40.0,0,13,-10,1148,128,20,0,133.0,,
46.55039542081822,10.65296837408688,3090.0,34.0,-1,10,-11,807,86,16,0,45.0,,
46.4345345086258,10.557836250631803,2808.0,25.0,-1,11,-12,648,72,18,0,72.0,21.0,40.0
46.80818245427156,12.124148893086804,2153.0,25.0,4,18,-7,1173,157,37,0,314.0,12.0,50.0
46.81469361369049,11.676280030122694,1222.0,30.0,8,22,-4,888,127,44,0,182.0,14.0,52.0
46.26137506710579,12.34737875264462,878.0,18.0,8,24,-5,1070,133,32,0,300.0,19.0,38.0
46.57853250278983,11.582615032555577,1077.0,29.0,8,23,-4,758,108,43,0,305.0,16.0,42.0
46.924581129493625,11.41056697719628,1849.0,14.0,6,21,-5,909,128,42,0,130.0,13.0,46.0
46.75075299990544,11.983310510558171,1793.0,10.0,6,20,-5,986,139,42,0,69.0,11.0,46.0
46.397112346963645,12.206596829108742,1595.0,26.0,6,21,-6,1088,151,41,0,177.0,13.0,42.0
46.417112376219166,12.063797103784337,1837.0,9.0,5,19,-6,1134,157,40,0,276.0,16.0,38.0
46.952921335903646,11.839078682922525,1939.0,29.0,2,15,-8,1253,161,32,0,107.0,15.0,46.0
46.52619097716583,11.683340451492873,1821.0,12.0,4,18,-6,910,129,43,0,20.0,12.0,45.0
46.909429323232665,10.838936375263232,2902.0,23.0,-3,8,-13,1246,133,16,0,237.0,16.0,49.0
46.69058997883067,11.60924880107908,1206.0,23.0,8,23,-4,826,115,42,0,128.0,14.0,49.0
46.35959657803369,11.609309484152648,1435.0,35.0,6,20,-5,799,117,45,0,68.0,10.0,48.0
46.54704051664272,11.08422058255772,1819.0,46.0,7,21,-5,517,74,45,0,320.0,12.0,52.0
46.69775096664611,10.517403876233208,1301.0,35.0,7,22,-6,608,88,39,0,121.0,14.0,49.0
46.418095877715935,11.242253789038914,474.0,7.0,11,27,-3,711,90,35,0,105.0,18.0,46.0
46.36455803064009,10.637953108560108,2206.0,46.0,2,15,-10,461,57,32,0,170.0,16.0,45.0
46.762198394299176,11.339711782866662,2264.0,32.0,4,18,-6,798,108,39,0,155.0,17.0,43.0
46.42739669488616,11.306258174252186,417.0,24.0,13,30,-2,818,99,29,0,88.0,18.0,44.0
46.36285592159384,10.8128784530869,2627.0,55.0,3,16,-7,372,47,34,0,339.0,17.0,46.0
46.51336434073112,11.632847194302506,2137.0,16.0,4,17,-7,872,121,40,0,286.0,17.0,42.0
46.901299838174126,11.388056322740573,1596.0,15.0,7,22,-5,894,125,42,0,175.0,14.0,47.0
46.91725354596923,11.33520719450942,1938.0,38.0,4,19,-7,932,125,37,0,235.0,14.0,46.0
46.31852652323789,10.885431445161355,1010.0,14.0,7,23,-5,455,62,43,0,311.0,18.0,44.0
46.32732178555006,12.345589983710978,1265.0,37.0,7,23,-5,1095,139,34,0,334.0,15.0,41.0
46.73880994323738,10.597188233502893,2265.0,24.0,2,16,-9,725,87,24,0,144.0,18.0,45.0
46.4810713356507,12.246822711425366,2473.0,37.0,3,17,-7,1277,165,34,0,57.0,19.0,40.0
46.77717456867609,11.593825965216675,1404.0,41.0,6,20,-5,874,125,44,0,330.0,14.0,47.0
46.9975583991282,12.34547244313497,2143.0,35.0,1,15,-9,1422,175,28,0,301.0,17.0,43.0
46.48662214239559,10.533016861699336,2927.0,13.0,-1,10,-12,776,84,16,0,186.0,,
46.618509760672126,11.464659360551895,2109.0,16.0,4,18,-6,744,104,42,0,48.0,18.0,43.0
46.32952689323755,11.495792185483223,1797.0,34.0,6,20,-4,663,96,45,0,214.0,20.0,39.0
46.790284782182,11.076332892445938,1750.0,18.0,0,14,-10,871,103,25,0,108.0,15.0,45.0
46.37935411196802,10.804164432860825,2658.0,33.0,3,17,-7,361,48,39,0,89.0,16.0,47.0
46.416132824225606,10.792536952516768,1718.0,41.0,3,17,-8,384,51,38,0,201.0,12.0,49.0
