Latitude,Longitude,Elevation,Slope,BIO01_Historical_Mean,BIO05_Historical_Max,BIO06_Historical_Min,BIO12_Historical_Prec,BIO13_Historical_Prec,BIO15_Historical_Prec,Target,Aspect,Soil_Clay,Soil_Sand
46.70025318766257,12.370473526391768,1615.0,23.0,3.4583333,16.5,-7.7,1121.0,151.0,37.174004,1,161.0,17.0,41.0
46.72475733759582,11.882005300940516,1232.0,36.0,5.866667,19.9,-6.1,818.0,123.0,48.89629,1,76.0,12.0,44.0
46.52610318791323,11.734756064414018,2698.0,68.0,0.8875,12.9,-9.2,981.0,130.0,35.274235,1,79.0,15.0,48.0
46.566466465786434,11.521634676710686,505.0,33.0,9.7625,25.3,-3.9,774.0,96.0,36.32468,1,322.0,13.0,49.0
46.75969287038833,11.870043963369994,994.0,26.0,7.2208333,22.1,-5.8,792.0,117.0,45.489567,1,234.0,12.0,45.0
46.94767585473534,11.378002835421038,1467.0,19.0,4.6208334,18.5,-6.8,881.0,125.0,46.23678,1,54.0,12.0,53.0
46.9473952832723,11.3779352366532,1472.0,19.0,4.6208334,18.5,-6.8,881.0,125.0,46.23678,1,58.0,12.0,53.0
46.94709615408428,11.378690394948324,1462.0,22.0,4.6208334,18.5,-6.8,881.0,125.0,46.23678,1,54.0,12.0,53.0
46.946773040112575,11.379843171799802,1474.0,25.0,4.6208334,18.5,-6.8,881.0,125.0,46.23678,1,330.0,16.0,44.0
46.75993691280068,11.847925174873554,1444.0,34.0,5.7458334,19.9,-6.1,824.0,123.0,48.562717,1,41.0,11.0,47.0
46.56029869252121,11.626056480960663,1878.0,25.0,4.425,17.9,-6.5,766.0,109.0,46.537373,1,121.0,12.0,46.0
46.87445344187565,11.632217912804444,1841.0,42.0,3.8,17.1,-7.3,947.0,134.0,44.219204,1,254.0,11.0,57.0
46.48011221071735,11.262021555596016,318.0,15.0,11.354167,27.4,-3.0,815.0,99.0,32.560555,1,107.0,16.0,48.0
46.68544408885043,11.857774480107144,1459.0,24.0,5.3875,19.3,-6.3,844.0,125.0,48.053036,1,29.0,13.0,42.0
46.7067818047877,11.92565708488216,1186.0,18.0,6.3416667,20.9,-6.3,789.0,116.0,46.1671,1,252.0,19.0,43.0
46.27249442627869,11.257424672285998,1162.0,62.0,8.958333,23.8,-3.6,637.0,77.0,38.908596,1,245.0,20.0,39.0
46.708081720083406,11.92627983272834,1223.0,11.0,6.3416667,20.9,-6.3,789.0,116.0,46.1671,1,251.0,15.0,47.0
46.55358509632782,11.758732545912777,1579.0,34.0,4.6666665,18.6,-6.8,843.0,121.0,47.142113,1,47.0,12.0,47.0
46.65523772300796,11.90360360247025,1347.0,33.0,6.0,20.4,-6.4,795.0,117.0,47.46998,1,104.0,19.0,42.0
46.42706997495975,11.347703441683286,440.0,35.0,11.266666,27.3,-2.8,821.0,102.0,32.05644,1,309.0,17.0,48.0
46.602179328322414,11.200975361133583,320.0,33.0,10.433333,26.4,-3.5,753.0,91.0,34.8075,1,254.0,15.0,49.0
46.57658896543343,11.382062629554724,846.0,30.0,9.141666,24.3,-3.9,746.0,94.0,38.19707,1,286.0,17.0,44.0
46.593661967163,11.426217980144369,1631.0,16.0,4.3541665,17.7,-6.6,664.0,93.0,47.724346,1,286.0,11.0,52.0
46.599732907509264,11.419727224932666,1641.0,35.0,4.9583335,18.6,-6.1,656.0,93.0,48.725273,1,170.0,15.0,46.0
46.57947246653492,11.413999309044732,1552.0,18.0,5.2166667,18.8,-5.8,632.0,89.0,48.384182,1,273.0,11.0,47.0
46.56895393793644,11.404111130242566,1379.0,16.0,5.9583335,19.8,-5.2,630.0,88.0,48.849102,1,199.0,13.0,48.0
46.563171896007695,11.388440045121506,1168.0,26.0,7.633333,22.2,-4.4,661.0,91.0,46.131203,1,229.0,14.0,49.0
46.55797584744096,11.38475725050779,942.0,23.0,8.816667,23.9,-4.0,710.0,92.0,40.18921,1,210.0,17.0,51.0
46.29067917124432,11.209115251713408,282.0,29.0,11.608334,27.2,-2.4,832.0,100.0,28.733898,1,102.0,25.0,35.0
46.59823943319239,11.547703792171662,590.0,37.0,9.25,24.6,-4.2,764.0,99.0,38.31997,1,9.0,15.0,52.0
46.81995606438851,11.76253150038226,1055.0,8.0,7.2541666,22.0,-5.5,827.0,119.0,44.56007,1,331.0,11.0,60.0
46.62033102857871,11.556723197137508,848.0,26.0,9.020833,24.3,-4.3,765.0,100.0,39.501812,1,327.0,15.0,46.0
46.31551177362087,11.301302511742763,571.0,19.0,9.825,25.1,-3.4,740.0,86.0,33.61295,1,242.0,22.0,38.0
46.56778460464475,11.540068770566688,863.0,28.0,8.6875,23.9,-4.4,727.0,97.0,41.30346,1,333.0,14.0,48.0
46.577920496571245,11.38305556409154,846.0,16.0,9.141666,24.3,-3.9,746.0,94.0,38.19707,1,263.0,14.0,46.0
46.84585337775442,11.977607920007484,1359.0,27.0,5.4083333,19.4,-6.5,881.0,129.0,45.71907,1,175.0,14.0,48.0
46.56351540398156,11.535036509633755,715.0,30.0,8.720834,24.0,-4.4,726.0,96.0,40.827404,1,351.0,18.0,43.0
46.577628994736166,11.43701524099499,1553.0,12.0,4.9416666,18.5,-6.1,655.0,92.0,47.904488,1,128.0,13.0,47.0
46.59309452609384,11.405581659695024,1433.0,33.0,6.2166667,20.3,-5.2,660.0,92.0,48.74349,1,21.0,15.0,47.0
46.59887056218217,11.411622135332376,1546.0,21.0,5.454167,19.3,-5.7,654.0,92.0,48.630444,1,194.0,11.0,53.0
46.83778337652303,11.774752995740135,1351.0,24.0,5.7458334,19.8,-6.0,869.0,126.0,46.41817,1,105.0,13.0,55.0
46.72101069462556,11.328381045912938,1325.0,24.0,5.8,20.0,-5.9,726.0,102.0,48.367306,1,137.0,12.0,46.0
46.72111417785404,11.32990261030352,1280.0,20.0,5.8,20.0,-5.9,726.0,102.0,48.367306,1,129.0,12.0,46.0
46.59728364257735,11.432862241925898,1683.0,19.0,4.3541665,17.7,-6.6,664.0,93.0,47.724346,1,224.0,9.0,51.0
46.59965871775758,11.43278984344614,1749.0,25.0,4.3541665,17.7,-6.6,664.0,93.0,47.724346,1,139.0,10.0,51.0
46.605993225706406,11.436878943488692,1908.0,12.0,3.0416667,15.8,-7.5,687.0,96.0,43.40651,1,279.0,12.0,48.0
46.60144960649895,11.45015609788701,1934.0,10.0,2.5249999,15.0,-7.8,710.0,97.0,40.760033,1,196.0,15.0,46.0
46.83717751481528,11.746833948494643,1217.0,17.0,6.458333,20.8,-5.7,840.0,123.0,47.166374,1,261.0,11.0,57.0
46.80178212056506,11.79549913232638,1106.0,23.0,7.5333333,22.5,-5.6,812.0,116.0,43.14012,1,50.0,15.0,45.0
46.651279591892994,11.056340299887038,669.0,26.0,9.820833,25.4,-3.7,737.0,92.0,34.93751,1,312.0,16.0,46.0
46.70221017921288,11.620871683956446,1073.0,19.0,7.325,21.9,-5.1,769.0,108.0,45.66184,1,224.0,16.0,49.0
46.62652354124516,10.943841935189424,758.0,34.0,9.408334,25.0,-4.0,685.0,87.0,36.70937,1,335.0,17.0,45.0
46.52151048099524,11.264253569060376,347.0,33.0,11.212501,27.1,-3.0,817.0,99.0,32.446796,1,213.0,18.0,42.0
46.64861464532045,11.854056145315123,1708.0,16.0,4.2083335,17.6,-6.9,963.0,137.0,43.76395,1,146.0,16.0,43.0
46.64787034984689,11.852191378140448,1728.0,9.0,4.2083335,17.6,-6.9,963.0,137.0,43.76395,1,96.0,17.0,43.0
46.58106323102008,11.912079676236733,1457.0,22.0,4.7291665,18.8,-7.2,877.0,128.0,47.7739,1,35.0,15.0,41.0
46.672142602768986,11.169187763553072,349.0,13.0,10.975,26.9,-3.0,796.0,96.0,33.547344,1,142.0,16.0,47.0
46.65029430118548,11.135805778161394,495.0,29.0,10.3625,26.0,-3.2,768.0,94.0,34.60062,1,103.0,16.0,47.0
46.76298064219909,12.066583086650136,1122.0,27.0,6.5,21.2,-6.5,765.0,115.0,46.149754,1,146.0,12.0,47.0
46.56474211054189,11.336796933951172,808.0,8.0,8.845833,23.9,-3.9,708.0,91.0,40.03786,1,241.0,16.0,50.0
46.721186155253,11.328648971632836,1318.0,22.0,5.8,20.0,-5.9,726.0,102.0,48.367306,1,132.0,12.0,46.0
46.60242389448595,11.915646191873424,1658.0,18.0,4.4125,18.3,-7.3,908.0,131.0,46.68344,1,238.0,13.0,45.0
46.63163640711229,10.715930680815411,1123.0,22.0,7.775,22.7,-5.3,568.0,78.0,42.054058,1,173.0,16.0,48.0
46.46832642739838,11.2306621940898,897.0,26.0,8.541667,23.5,-4.3,644.0,84.0,42.453453,1,107.0,23.0,40.0
46.72296137453804,11.955631857260682,1686.0,26.0,4.1041665,17.5,-7.0,959.0,136.0,43.538994,1,191.0,12.0,48.0
46.72296708943532,11.951003130370454,1639.0,28.0,4.1041665,17.5,-7.0,959.0,136.0,43.538994,1,188.0,11.0,49.0
46.50540291235454,11.502401596184503,812.0,20.0,8.970834,24.3,-4.2,726.0,92.0,39.14431,1,41.0,18.0,44.0
46.75554984880892,12.239903279222483,1448.0,26.0,4.954167,19.0,-7.3,914.0,132.0,43.757404,1,102.0,13.0,46.0
46.758055890427954,12.24458847920171,1478.0,27.0,4.741667,18.7,-7.3,942.0,135.0,43.210632,1,166.0,13.0,48.0
46.76013471607765,12.23768784317942,1545.0,21.0,4.4375,18.1,-7.3,985.0,139.0,41.77464,1,39.0,12.0,47.0
46.74363326221582,12.228961150062972,1370.0,20.0,5.4416666,19.8,-7.2,840.0,124.0,44.660427,1,153.0,17.0,43.0
46.63204000438768,10.714924020369716,1144.0,22.0,7.775,22.7,-5.3,568.0,78.0,42.054058,1,187.0,16.0,48.0
46.759081908167865,12.26130706815689,1539.0,26.0,4.0583334,17.6,-7.6,1028.0,144.0,40.94664,1,209.0,9.0,51.0
46.7613255142583,12.240269943451406,1477.0,10.0,4.4375,18.1,-7.3,985.0,139.0,41.77464,1,147.0,13.0,44.0
46.741654780876345,12.22789888865138,1314.0,18.0,5.775,20.4,-7.2,791.0,118.0,45.677338,1,159.0,16.0,41.0
46.743625325976645,12.220102462111294,1434.0,28.0,4.9083333,18.9,-7.2,913.0,132.0,42.910614,1,170.0,17.0,45.0
46.76034609015564,11.783954816123524,1804.0,19.0,3.6875,16.6,-7.0,965.0,133.0,41.283073,1,229.0,12.0,47.0
46.686077656924304,11.892476423846905,1156.0,36.0,6.854167,21.6,-6.1,785.0,115.0,46.49346,1,57.0,17.0,38.0
46.68471838140809,11.89388406720843,1143.0,25.0,6.854167,21.6,-6.1,785.0,115.0,46.49346,1,70.0,18.0,39.0
46.95368408625623,11.362479254241515,1362.0,21.0,5.1,19.3,-6.7,886.0,125.0,46.118145,1,35.0,10.0,52.0
46.788499996499816,11.950766690415678,877.0,9.0,7.7166667,23.0,-5.9,818.0,117.0,42.28574,1,71.0,13.0,48.0
46.9189940225061,11.798804122252683,1422.0,35.0,4.0125,18.0,-7.9,974.0,140.0,44.83664,1,61.0,12.0,46.0
46.92023130520921,11.790426888456318,1583.0,21.0,3.225,16.8,-8.2,1020.0,144.0,42.59111,1,120.0,14.0,46.0
46.92170271868026,11.790269396827457,1575.0,27.0,3.225,16.8,-8.2,1020.0,144.0,42.59111,1,62.0,14.0,44.0
46.835484134011736,11.478829872683807,1336.0,28.0,5.2833333,19.5,-6.3,817.0,115.0,48.25622,1,159.0,11.0,49.0
47.02531923200996,12.041348479971282,1444.0,22.0,3.2958333,16.9,-8.4,1105.0,154.0,39.372616,1,197.0,12.0,49.0
46.89561728436122,11.86658447423014,1467.0,30.0,4.975,19.0,-6.9,925.0,136.0,45.888885,1,178.0,14.0,49.0
46.60366455436444,11.613648663238902,1194.0,25.0,7.0,21.4,-5.0,718.0,100.0,46.319126,1,156.0,14.0,51.0
46.58786135945356,11.208976376164053,444.0,32.0,10.104167,25.9,-3.7,737.0,91.0,35.89291,1,255.0,17.0,50.0
46.70418478455445,11.872162419463695,1367.0,38.0,5.7958336,19.9,-6.2,830.0,124.0,48.16494,1,155.0,13.0,47.0
46.72314481161225,11.954156204614048,1680.0,26.0,4.1041665,17.5,-7.0,959.0,136.0,43.538994,1,172.0,12.0,47.0
46.54268073532477,11.326379904082538,1166.0,17.0,7.4875,22.0,-4.3,626.0,86.0,46.390747,1,112.0,16.0,44.0
46.866192728605895,11.513296249032315,1200.0,35.0,7.2291665,21.8,-5.3,833.0,119.0,44.508083,1,228.0,18.0,41.0
46.61713294732987,11.866765119131644,1839.0,12.0,4.366667,18.0,-7.0,924.0,135.0,46.415344,1,67.0,15.0,41.0
46.60975414430544,10.781621323699676,981.0,18.0,8.620833,23.9,-4.5,604.0,81.0,40.338688,1,12.0,16.0,45.0
46.72649965208715,11.21345889358257,874.0,32.0,8.654166,23.8,-4.2,735.0,100.0,40.65775,1,265.0,14.0,47.0
46.54774589060285,11.69544092799202,1523.0,30.0,4.866667,18.8,-6.5,792.0,113.0,47.850155,1,101.0,13.0,46.0
46.74039941434829,11.43577304101998,1669.0,27.0,4.3458333,18.2,-6.9,748.0,106.0,46.93743,1,118.0,14.0,45.0
46.56569779003112,11.52480224307359,602.0,21.0,9.7625,25.3,-3.9,774.0,96.0,36.32468,1,7.0,16.0,47.0
46.25263267528175,11.253602783375406,667.0,36.0,9.695833,24.7,-3.2,707.0,83.0,34.458176,1,314.0,19.0,39.0
46.91499097215181,11.69023325235342,1541.0,35.0,4.4583335,18.4,-7.2,944.0,135.0,45.06555,1,229.0,13.0,47.0
46.88300081672436,11.719059773228317,1209.0,31.0,6.5916667,21.2,-6.2,882.0,130.0,45.72901,1,205.0,12.0,49.0
46.8920815335991,11.407146326332382,1170.0,24.0,5.7125,19.8,-5.9,833.0,118.0,47.058945,1,174.0,14.0,48.0
46.439694016427765,11.479957914985633,1203.0,21.0,7.7166667,22.4,-4.5,656.0,88.0,44.423054,1,295.0,14.0,47.0
46.87713260842906,11.492272443680095,1147.0,31.0,6.1666665,20.3,-5.6,850.0,120.0,46.69032,1,223.0,13.0,48.0
46.89012953717707,11.455083352876368,1070.0,29.0,7.225,21.9,-5.4,841.0,119.0,44.12329,1,313.0,15.0,45.0
46.48512789628533,11.438533921734685,737.0,21.0,9.970834,25.5,-3.6,768.0,91.0,34.238037,1,334.0,16.0,47.0
46.53931421594158,11.388833833101238,1017.0,27.0,8.433333,23.4,-4.1,674.0,90.0,43.06085,1,292.0,16.0,45.0
46.87557337934325,11.49720301415909,1218.0,32.0,6.1666665,20.3,-5.6,850.0,120.0,46.69032,1,176.0,12.0,51.0
46.48833504854909,11.24696177673015,464.0,22.0,10.591666,26.4,-3.4,766.0,90.0,34.261936,1,40.0,15.0,48.0
46.48020445847947,11.26211888112004,318.0,15.0,11.354167,27.4,-3.0,815.0,99.0,32.560555,1,107.0,16.0,48.0
46.65019664168008,11.361238427619169,1011.0,32.0,7.366667,22.1,-5.1,715.0,99.0,45.146263,1,272.0,12.0,49.0
46.87631852966007,11.424746909111176,1331.0,29.0,6.5041666,20.9,-5.6,830.0,118.0,45.653587,1,0.0,13.0,43.0
46.86259739826822,11.484053217456225,990.0,30.0,7.2625,21.9,-5.4,827.0,118.0,44.693424,1,17.0,12.0,48.0
46.74019373594007,11.437264466866798,1622.0,26.0,4.3458333,18.2,-6.9,748.0,106.0,46.93743,1,154.0,14.0,45.0
46.56460914288428,11.52396537711623,660.0,17.0,9.7625,25.3,-3.9,774.0,96.0,36.32468,1,356.0,16.0,47.0
46.26870126445248,11.241097905787203,226.0,28.0,11.520833,27.1,-2.3,840.0,101.0,28.30951,1,292.0,13.0,51.0
46.92747877937543,11.98977417877497,1436.0,23.0,4.445833,18.3,-7.4,964.0,139.0,43.46441,1,193.0,13.0,56.0
46.9021462855348,11.878095559361151,1542.0,21.0,4.0791664,17.4,-7.0,1020.0,145.0,42.269554,1,242.0,16.0,45.0
46.89989438416883,11.852021483227515,1579.0,34.0,5.0875,19.2,-6.8,918.0,135.0,45.82999,1,178.0,15.0,47.0
46.89643407515389,11.865901557067136,1500.0,33.0,4.975,19.0,-6.9,925.0,136.0,45.888885,1,178.0,14.0,49.0
46.89646703882785,11.867395073291538,1495.0,21.0,5.233333,19.4,-6.8,916.0,135.0,45.97783,1,173.0,14.0,49.0
46.89637252373677,11.844160396863264,1421.0,33.0,5.275,19.5,-6.8,910.0,134.0,45.994984,1,195.0,14.0,48.0
46.67603277951456,11.895321555901058,1284.0,35.0,6.5458336,21.2,-6.2,785.0,116.0,47.275887,1,62.0,19.0,39.0
46.24790657535332,11.230960311297313,235.0,23.0,11.458333,27.0,-2.3,838.0,100.0,28.079786,1,299.0,20.0,48.0
46.560657823103696,11.339124968962542,840.0,11.0,8.845833,23.9,-3.9,708.0,91.0,40.03786,1,71.0,14.0,57.0
46.74787409260564,11.197447381450196,794.0,23.0,8.408334,23.6,-4.5,749.0,102.0,40.81887,1,117.0,14.0,51.0
46.56973848954456,11.06542309194517,870.0,36.0,7.9666667,22.7,-4.3,628.0,83.0,42.960407,1,207.0,14.0,47.0
46.64849782638517,11.22636687849305,1265.0,19.0,6.6833334,21.1,-5.1,620.0,87.0,47.5362,1,356.0,16.0,48.0
46.66144823083201,11.550094220510193,812.0,24.0,8.333333,23.4,-4.9,785.0,107.0,41.713135,1,186.0,15.0,49.0
46.468636679615486,11.576134001648716,1341.0,24.0,5.7999997,19.8,-5.8,704.0,99.0,47.866608,1,183.0,10.0,51.0
46.44344118495835,11.54741290211031,1426.0,25.0,5.7208333,19.4,-5.3,672.0,95.0,49.145584,1,207.0,12.0,46.0
46.63950116804336,11.82720584631784,2123.0,43.0,3.075,16.0,-7.7,1021.0,143.0,41.25423,1,104.0,17.0,43.0
46.42571258112106,11.518282439974453,1066.0,49.0,7.325,21.7,-4.6,672.0,90.0,45.250668,1,319.0,13.0,50.0
46.52595188593724,11.254519342555655,316.0,44.0,11.125,27.0,-3.1,816.0,99.0,32.88058,1,297.0,17.0,48.0
46.53001328128115,11.260522868319416,577.0,30.0,10.129167,25.8,-3.6,745.0,90.0,35.416973,1,234.0,17.0,47.0
46.54784487281458,11.526224242529624,777.0,29.0,9.066667,24.5,-4.2,737.0,95.0,39.282543,1,234.0,15.0,49.0
46.57324028392899,11.530836104275089,831.0,30.0,9.6,25.1,-4.0,773.0,97.0,36.580376,1,245.0,15.0,49.0
46.58330328739591,11.167226915109625,405.0,40.0,10.679167,26.4,-3.1,781.0,91.0,33.244106,1,81.0,18.0,46.0
46.39199813061816,11.482740839096952,1193.0,22.0,7.0875,21.5,-4.9,643.0,87.0,46.31139,1,234.0,11.0,49.0
46.38303068367002,11.272011655078606,278.0,18.0,11.729167,27.7,-2.6,831.0,103.0,30.379948,1,267.0,16.0,46.0
46.413875918142,11.494176214619394,1023.0,24.0,7.616667,22.2,-4.6,660.0,89.0,44.736916,1,242.0,12.0,50.0
46.66155396550288,11.187660233289549,435.0,35.0,10.754167,26.7,-3.1,785.0,96.0,34.366764,1,301.0,15.0,47.0
46.38311065436588,11.282819980970345,310.0,37.0,11.079166,26.9,-3.0,786.0,95.0,32.191437,1,163.0,18.0,42.0
46.72428011180981,11.880097661211282,1330.0,40.0,5.866667,19.9,-6.1,818.0,123.0,48.89629,1,71.0,12.0,48.0
46.480319154985,11.262216920293232,311.0,22.0,11.354167,27.4,-3.0,815.0,99.0,32.560555,1,92.0,16.0,48.0
46.68658413249887,10.607653928695283,1544.0,39.0,4.6041665,18.4,-7.6,505.0,67.0,39.77931,1,152.0,16.0,47.0
46.57910727148798,11.611715682593298,1391.0,17.0,6.0,20.1,-5.5,712.0,101.0,47.76835,1,342.0,15.0,42.0
46.53716167219623,11.777808740454702,1946.0,19.0,2.7375,15.7,-8.1,975.0,138.0,43.091763,1,251.0,16.0,41.0
46.350618864502486,11.33670232844682,832.0,24.0,8.533333,23.5,-4.0,634.0,80.0,40.696365,1,164.0,20.0,40.0
46.57215506266891,10.553655035937254,1418.0,37.0,5.0625,19.5,-7.6,474.0,67.0,46.2832,1,239.0,12.0,50.0
46.60912322891836,11.379946604604308,927.0,33.0,7.8416667,22.6,-4.6,706.0,96.0,43.598915,1,252.0,14.0,51.0
46.806483191776536,11.98692750772681,1376.0,32.0,6.1583333,20.5,-6.2,805.0,121.0,46.735332,1,142.0,12.0,47.0
46.601681612032486,11.585994101332837,1009.0,20.0,7.579167,22.3,-4.8,716.0,99.0,45.083565,1,215.0,17.0,47.0
46.56545600844298,11.552435850506996,974.0,12.0,8.020833,23.1,-4.7,710.0,97.0,43.93276,1,270.0,16.0,45.0
46.42576986456934,11.349238433020709,531.0,36.0,11.266666,27.3,-2.8,821.0,102.0,32.05644,1,292.0,16.0,46.0
46.31443709945472,11.278788704654216,287.0,25.0,11.0125,26.6,-2.8,826.0,100.0,29.497879,1,301.0,22.0,44.0
46.22945353763133,11.212943563568222,546.0,15.0,10.445833,25.9,-2.9,741.0,87.0,32.18338,1,284.0,22.0,38.0
46.69561174491313,10.50051741685961,1633.0,36.0,4.991667,19.2,-7.6,544.0,74.0,40.953804,1,173.0,14.0,49.0
46.80109409501621,11.662994011523448,1030.0,31.0,7.1,21.5,-5.2,816.0,116.0,45.996464,1,162.0,12.0,59.0
46.58257215415532,11.170930925684006,297.0,21.0,10.679167,26.4,-3.1,781.0,91.0,33.244106,1,78.0,17.0,47.0
46.52411707917843,10.93426944572017,1551.0,27.0,5.9041667,20.2,-6.1,493.0,69.0,48.375378,1,146.0,14.0,45.0
46.59762968705877,11.570508785365918,801.0,28.0,8.995833,24.4,-4.4,757.0,99.0,39.113476,1,207.0,15.0,50.0
46.59691874403544,11.094513914729603,788.0,37.0,9.020833,24.1,-3.8,698.0,88.0,38.49957,1,61.0,15.0,48.0
46.43282911967888,11.472422927143343,866.0,46.0,7.8416667,22.6,-4.5,655.0,88.0,44.27833,1,19.0,16.0,45.0
46.84324955842111,11.968106683310827,1173.0,29.0,6.054167,20.4,-6.3,840.0,124.0,46.301994,1,262.0,12.0,50.0
46.68640672813834,10.607550741604877,1532.0,38.0,4.6041665,18.4,-7.6,505.0,67.0,39.77931,1,141.0,16.0,47.0
46.754869616944674,11.874286525138874,1014.0,22.0,7.325,22.2,-5.8,794.0,116.0,45.014797,1,268.0,11.0,45.0
46.439498128533565,11.47761402508884,1151.0,26.0,7.7166667,22.4,-4.5,656.0,88.0,44.423054,1,287.0,14.0,47.0
46.52901221123396,11.27997003803938,872.0,13.0,8.866667,24.0,-4.0,664.0,87.0,41.273853,1,174.0,18.0,47.0
46.455476878802,11.25440447063902,468.0,18.0,10.858334,26.8,-3.3,782.0,91.0,33.633316,1,63.0,18.0,43.0
46.23927659586938,11.225513058209712,376.0,21.0,10.6875,26.1,-2.8,780.0,92.0,30.5021,1,330.0,22.0,38.0
46.3156339924021,11.299530249305365,525.0,22.0,10.095833,25.4,-3.2,761.0,89.0,32.296146,1,230.0,23.0,37.0
46.322935119263136,11.303619659671783,678.0,28.0,9.508333,24.7,-3.5,705.0,83.0,35.597282,1,284.0,23.0,34.0
46.33341453789939,11.307651372181276,574.0,21.0,10.5125,26.1,-3.1,779.0,93.0,32.0219,1,285.0,23.0,35.0
46.57356282312112,11.355977499842693,1151.0,34.0,7.679167,22.2,-4.3,659.0,90.0,45.322712,1,184.0,15.0,49.0
46.542999464422834,11.328247680633824,1163.0,22.0,7.4875,22.0,-4.3,626.0,86.0,46.390747,1,194.0,15.0,47.0
46.94452006902365,11.378661593727273,1560.0,19.0,4.6208334,18.5,-6.8,881.0,125.0,46.23678,1,340.0,17.0,41.0
46.623146051905536,11.51199615031822,1010.0,37.0,7.670833,22.4,-4.9,736.0,101.0,44.445023,1,150.0,14.0,51.0
46.48020777168455,11.50337838596804,897.0,22.0,8.541667,23.6,-4.3,704.0,92.0,41.32774,1,201.0,16.0,49.0
46.68193824552701,10.916725614609456,1884.0,43.0,4.0458336,17.3,-7.1,497.0,69.0,43.996536,1,103.0,12.0,50.0
46.71520152862446,11.9028489381328,1168.0,48.0,6.358333,20.8,-6.2,787.0,117.0,47.144505,1,58.0,11.0,48.0
46.278591685425845,11.28441497185749,1263.0,16.0,6.7625,20.6,-4.5,515.0,69.0,47.69899,1,204.0,20.0,39.0
46.61926955856876,11.553090970041982,798.0,27.0,9.020833,24.3,-4.3,765.0,100.0,39.501812,1,303.0,15.0,45.0
46.43799841700511,11.47776059362148,1116.0,23.0,7.7166667,22.4,-4.5,656.0,88.0,44.423054,1,207.0,16.0,44.0
46.60710453296572,11.139770722003448,611.0,18.0,9.5875,24.9,-3.4,708.0,89.0,37.138832,1,51.0,14.0,56.0
46.451371049023166,11.466460364625348,1268.0,34.0,7.1708336,21.6,-4.6,630.0,87.0,46.993305,1,214.0,15.0,48.0
46.5587549670059,10.56120267449884,1559.0,21.0,4.208333,18.4,-8.3,449.0,62.0,45.689293,1,263.0,11.0,49.0
46.98609443925796,11.200891000363136,2547.0,41.0,-1.6791667,9.7,-11.7,1084.0,124.0,19.853111,0,33.0,15.0,50.0
46.35362342124306,11.61998250690712,1298.0,39.0,5.954167,20.0,-5.7,721.0,101.0,48.395893,0,91.0,13.0,46.0
46.59495397592836,10.687466121493449,1787.0,25.0,4.0375,17.5,-7.4,412.0,57.0,44.493546,0,357.0,14.0,48.0
46.24583603047749,11.824582059701507,1683.0,34.0,4.8416667,18.2,-6.4,894.0,121.0,45.657394,0,275.0,13.0,46.0
46.37416179141298,10.897582234165078,1253.0,25.0,7.1291666,22.0,-5.7,540.0,71.0,44.047653,0,208.0,14.0,51.0
46.71624730492222,11.6551807383111,572.0,2.0,9.833333,25.5,-4.3,828.0,105.0,35.97051,0,216.0,15.0,45.0
46.46123281951834,11.308235643451416,238.0,1.0,11.883333,28.3,-2.7,837.0,104.0,31.646118,0,90.0,17.0,44.0
46.46196144119681,10.761364813828123,2454.0,14.0,-1.8833333,10.0,-12.2,495.0,58.0,22.547407,0,220.0,18.0,42.0
46.53384191588461,11.656872113061226,1797.0,10.0,3.5291667,17.1,-7.5,834.0,117.0,43.855007,0,129.0,17.0,43.0
46.77088696922051,12.10856823426976,1285.0,19.0,6.1375,20.7,-6.7,781.0,118.0,46.41957,0,109.0,14.0,47.0
46.979319592164224,10.52532231202321,1375.0,35.0,4.825,18.9,-7.6,801.0,109.0,37.048344,0,226.0,9.0,51.0
46.47188518655179,12.01218497689958,2164.0,19.0,2.2083333,14.6,-8.5,1163.0,155.0,38.186504,0,259.0,17.0,43.0
46.77323953248494,10.951224459607786,3048.0,38.0,-4.6125,6.1,-14.3,1134.0,118.0,14.249374,0,164.0,19.0,40.0
46.54068525962174,10.824701709863394,2524.0,36.0,-2.0791667,9.2,-11.8,637.0,70.0,17.899958,0,309.0,15.0,47.0
46.47753368964874,11.73940501018854,1447.0,9.0,4.75,18.7,-6.8,817.0,116.0,48.40599,0,60.0,13.0,47.0
46.681266753230766,10.889359199766256,2645.0,39.0,-1.3166667,10.0,-11.1,741.0,86.0,20.533834,0,75.0,18.0,47.0
46.84635516033129,12.31359811525641,2251.0,28.0,0.13750008,12.1,-10.3,1338.0,165.0,27.830496,0,39.0,15.0,44.0
46.96694953930842,11.239431014854278,2979.0,25.0,-4.5125,6.1,-14.0,1380.0,142.0,13.709582,0,244.0,20.0,44.0
46.68345032742559,11.11113432249941,412.0,6.0,10.179167,25.7,-3.3,773.0,98.0,35.81746,0,117.0,19.0,44.0
46.488372787226666,10.585090462075447,2547.0,7.0,-2.4833333,9.1,-12.8,596.0,70.0,21.837925,0,90.0,16.0,46.0
46.658975991325846,11.89797322258725,1541.0,3.0,5.5416665,19.6,-6.4,828.0,122.0,47.940903,0,90.0,17.0,40.0
46.44911181827963,11.635644817016583,2048.0,19.0,2.3208334,14.8,-8.2,874.0,121.0,42.735744,0,74.0,16.0,44.0
46.28878583742991,12.000590562068878,975.0,18.0,8.0875,22.8,-4.9,832.0,102.0,38.282364,0,26.0,19.0,39.0
46.38760453149945,11.944581241260146,1631.0,37.0,4.9249997,18.3,-6.2,955.0,131.0,44.65061,0,268.0,14.0,48.0
46.38770538563338,10.526846067366812,2995.0,25.0,-4.4416666,6.7,-14.1,784.0,81.0,12.11727,0,288.0,17.0,47.0
46.2883831357987,11.94275911374598,1156.0,33.0,6.304167,20.3,-5.8,833.0,109.0,40.491867,0,26.0,21.0,36.0
46.91636794498638,10.717187472624373,2700.0,38.0,-1.9875001,10.2,-12.6,998.0,112.0,17.511856,0,97.0,17.0,44.0
46.761761345611525,11.193931273083797,1300.0,15.0,6.8708334,21.5,-5.2,724.0,102.0,45.738556,0,38.0,16.0,46.0
46.73686365727773,11.864848947595284,1227.0,26.0,5.9333334,20.1,-6.1,813.0,121.0,48.544373,0,68.0,10.0,48.0
46.5342119007035,11.550017989958278,1059.0,29.0,7.8958335,23.0,-4.9,709.0,95.0,42.548218,0,324.0,18.0,38.0
46.41726583965022,11.850119944391585,2470.0,18.0,-0.05000001,11.6,-10.0,1118.0,143.0,34.258232,0,87.0,17.0,44.0
46.64547866386194,11.423893509141278,2206.0,21.0,1.0,13.3,-9.3,744.0,96.0,32.7825,0,68.0,15.0,44.0
46.57910638775461,10.70787838472773,2305.0,51.0,1.3166666,13.9,-9.4,429.0,56.0,33.969048,0,14.0,14.0,47.0
46.60778439039109,12.1755560252858,2067.0,50.0,1.2624999,13.3,-9.1,1221.0,159.0,34.797596,0,301.0,16.0,45.0
46.95175455959729,11.451522287932038,1244.0,26.0,5.6,20.1,-6.3,892.0,124.0,45.508587,0,128.0,20.0,38.0
46.391063000256246,11.50999656371568,1504.0,39.0,5.7166667,19.4,-5.4,642.0,91.0,49.07575,0,2.0,17.0,40.0
46.460056778901766,10.644466469555196,2916.0,7.0,-3.7708335,7.6,-13.6,693.0,76.0,15.61924,0,68.0,,
46.72635550568744,12.146953631672767,1325.0,16.0,5.9625,20.5,-6.9,758.0,116.0,47.94161,0,302.0,16.0,40.0
46.92301912536469,11.684954641146897,1955.0,45.0,3.2916667,16.6,-7.7,1004.0,140.0,41.178234,0,139.0,15.0,46.0
46.56093951650879,10.908991447002103,2198.0,22.0,0.26666668,12.4,-9.8,442.0,54.0,28.285046,0,173.0,15.0,46.0
46.872067457390166,11.509063737258552,1255.0,39.0,6.225,20.4,-5.5,844.0,120.0,46.611153,0,170.0,13.0,53.0
46.95116718494444,11.16677873598475,3341.0,15.0,-6.15,4.0,-15.3,1490.0,146.0,13.36367,0,154.0,,
46.56937397440089,10.92674616663212,2524.0,21.0,-1.1791667,10.1,-10.8,611.0,68.0,19.339548,0,141.0,17.0,48.0
46.472018485288864,11.159805703792456,1429.0,22.0,6.0875,20.0,-5.2,492.0,68.0,49.580803,0,145.0,18.0,40.0
46.56165663549361,11.455592455741598,1382.0,17.0,6.1625,20.2,-5.3,663.0,92.0,47.973804,0,142.0,15.0,45.0
46.49814987045324,10.724660392826546,2015.0,36.0,1.2375,14.4,-10.0,342.0,46.0,39.03995,0,310.0,14.0,48.0
46.40356047514705,10.815214279350416,1484.0,33.0,4.891667,19.2,-7.5,409.0,57.0,48.210922,0,30.0,10.0,50.0
46.51885386362555,11.815132014162584,2740.0,26.0,-2.1458335,8.8,-11.6,1134.0,129.0,21.889576,0,242.0,17.0,42.0
46.42983842933063,12.30025161613931,1177.0,41.0,6.25,20.6,-6.7,909.0,119.0,40.136467,0,43.0,21.0,37.0
47.02352096157448,10.77743347626783,2056.0,20.0,0.7708334,13.3,-10.2,898.0,109.0,25.973995,0,225.0,13.0,48.0
46.62951852750294,11.64037596733822,1295.0,43.0,6.825,21.2,-5.1,732.0,103.0,47.22455,0,333.0,17.0,45.0
46.50408390605219,10.562320836771509,3231.0,48.0,-5.108333,5.3,-14.3,913.0,95.0,12.534609,0,116.0,15.0,49.0
46.34477039562012,10.94848763792339,1397.0,15.0,6.0875,20.3,-5.9,431.0,59.0,48.559116,0,328.0,18.0,43.0
46.76438316178408,10.953150150667003,2610.0,25.0,-1.9625,9.6,-12.2,820.0,93.0,19.664043,0,204.0,20.0,43.0
46.42218032505918,11.19175502538742,1407.0,18.0,6.2875,20.2,-5.0,497.0,68.0,49.508415,0,216.0,13.0,47.0
46.73268405655634,11.188255732870854,865.0,30.0,8.525,23.7,-4.4,747.0,101.0,40.56205,0,199.0,13.0,50.0
46.87922365732392,11.246301619639558,2324.0,37.0,0.7708333,13.0,-9.6,885.0,113.0,31.072441,0,167.0,14.0,46.0
46.48475138678288,12.062496421794163,2120.0,30.0,1.8791666,14.3,-8.7,1196.0,159.0,39.386642,0,77.0,17.0,39.0
46.912591863850416,11.80165682600894,1499.0,42.0,4.7041664,19.0,-7.4,940.0,137.0,46.19313,0,40.0,11.0,47.0
46.79543305407216,10.91235850932457,2817.0,35.0,-4.0375,7.1,-14.0,1032.0,108.0,13.6001835,0,323.0,,
46.74292442846475,10.924054575474216,2307.0,55.0,-1.35,10.2,-11.6,791.0,89.0,19.4058,0,125.0,19.0,43.0
46.54586747025967,12.259254641449076,1460.0,17.0,4.6916666,18.4,-7.3,944.0,133.0,43.896633,0,207.0,11.0,51.0
46.33890173933568,12.252161382279857,1456.0,26.0,5.1583333,18.4,-5.9,1039.0,134.0,39.098385,0,305.0,16.0,45.0
46.783204471753926,11.513001363512275,2127.0,40.0,0.7166667,13.2,-9.7,915.0,119.0,33.6077,0,122.0,15.0,44.0
47.01112762819192,10.82767545167541,2634.0,29.0,-2.35,9.1,-12.5,1185.0,127.0,15.490263,0,208.0,20.0,41.0
46.42193547906588,11.490940751773666,1119.0,13.0,8.129167,23.0,-4.4,682.0,89.0,42.366055,0,262.0,14.0,45.0
46.93191352378753,11.54450167134401,1593.0,30.0,3.3,16.6,-7.7,926.0,127.0,41.270576,0,245.0,11.0,47.0
46.5073774582141,11.13448824594454,1470.0,8.0,5.6375,19.4,-5.5,499.0,69.0,49.26379,0,224.0,20.0,36.0
46.55138767910523,12.101806258197849,1692.0,35.0,3.9875,17.3,-7.2,1018.0,142.0,43.279156,0,350.0,18.0,41.0
46.29641764929711,11.70108841609881,1528.0,16.0,4.545833,18.3,-6.8,781.0,108.0,47.50121,0,267.0,13.0,51.0
46.76187833950062,11.969069965474093,1430.0,33.0,5.266667,19.2,-6.5,850.0,126.0,46.735577,0,297.0,13.0,46.0
46.97767349262156,11.196669850665277,2867.0,32.0,-3.7375,7.0,-13.4,1274.0,134.0,14.69937,0,0.0,,
46.47248215838246,11.03143717819426,1304.0,32.0,6.554167,20.9,-5.4,532.0,72.0,47.211067,0,253.0,19.0,40.0
47.0209081166421,11.339050882698466,1625.0,34.0,3.4541667,16.8,-7.6,931.0,131.0,42.02503,0,35.0,10.0,46.0
46.41827194739267,11.83226130290029,2559.0,27.0,-0.9083333,10.5,-10.7,1063.0,133.0,31.304552,0,257.0,16.0,43.0
46.74647407592275,11.896423580573304,1776.0,13.0,4.3125,17.5,-6.6,943.0,135.0,44.177563,0,304.0,14.0,49.0
46.661242694950246,11.0765775766913,830.0,38.0,8.675,23.7,-4.1,674.0,90.0,41.036472,0,331.0,16.0,47.0
46.4405190041372,11.188129829362122,1427.0,9.0,6.2041664,20.1,-5.1,502.0,69.0,49.463253,0,245.0,10.0,49.0
46.95058647849459,11.41070387955298,1273.0,47.0,4.35,18.3,-7.0,901.0,124.0,44.386204,0,205.0,15.0,46.0
46.62948515675595,11.986779669842534,2856.0,23.0,-1.6,9.6,-11.3,1220.0,141.0,23.005966,0,146.0,17.0,43.0
46.38484073368778,11.421503887468884,1431.0,14.0,6.0875,20.1,-5.3,579.0,81.0,49.00802,0,0.0,14.0,44.0
46.84111931189471,11.570140163848873,1716.0,17.0,3.6083333,16.2,-6.8,889.0,122.0,40.9579,0,45.0,10.0,52.0
46.97793226190171,10.831706613880211,2762.0,43.0,-3.5625,7.7,-13.5,1273.0,130.0,13.81951,0,177.0,17.0,49.0
46.52405014864042,12.211273672745753,2373.0,53.0,1.1666667,13.1,-9.1,1252.0,159.0,34.0435,0,123.0,18.0,42.0
46.49268635852387,12.28271994002515,1756.0,19.0,1.5791667,13.7,-8.7,1312.0,163.0,33.261578,0,155.0,16.0,43.0
46.99636561981459,12.308119501539023,2387.0,17.0,0.38749993,12.7,-10.2,1329.0,169.0,29.519415,0,248.0,17.0,45.0
46.38139307800234,11.072157425741446,654.0,15.0,9.920834,25.5,-3.5,686.0,81.0,35.26229,0,296.0,14.0,47.0
46.3643470001648,11.093147656646774,824.0,10.0,9.054167,24.5,-4.1,612.0,76.0,39.734188,0,296.0,20.0,36.0
46.90133381507904,11.238573136600191,2082.0,28.0,2.1416667,15.1,-8.7,837.0,113.0,39.08244,0,324.0,15.0,48.0
46.30679297532348,11.56650678467527,1728.0,53.0,4.045833,16.9,-6.3,736.0,102.0,46.235676,0,232.0,17.0,42.0
46.34094159968889,12.351874662627912,1657.0,14.0,4.9416666,18.1,-6.2,1066.0,133.0,36.757175,0,285.0,12.0,49.0
46.48616062558444,11.05269785676095,1823.0,6.0,3.6375,16.6,-7.0,386.0,54.0,48.083916,0,251.0,9.0,51.0
46.51556021231981,11.814131821560409,2512.0,30.0,-1.0291666,10.3,-10.8,1100.0,132.0,27.537054,0,297.0,17.0,40.0
46.5635427204338,11.05497837151207,881.0,23.0,7.991667,22.8,-4.3,621.0,82.0,42.71335,0,13.0,15.0,46.0
46.95627036412641,12.121904596394687,2703.0,5.0,-2.0875,9.5,-12.1,1410.0,159.0,19.79569,0,30.0,17.0,45.0
46.78812489383083,11.715921440193029,1419.0,24.0,6.6416664,21.1,-5.4,804.0,116.0,47.72671,0,195.0,15.0,44.0
46.93508171052895,10.595452341648704,1695.0,14.0,3.3833334,17.0,-8.4,743.0,98.0,34.98303,0,242.0,10.0,47.0
46.30425053944183,11.2028410537848,542.0,17.0,10.375,25.7,-3.1,750.0,88.0,32.263382,0,43.0,24.0,36.0
46.60000702763364,10.567727891336306,1304.0,21.0,7.108333,21.9,-5.8,555.0,77.0,42.855064,0,331.0,16.0,42.0
46.89713193179326,12.336516784544369,2160.0,27.0,1.2416667,13.9,-9.5,1272.0,164.0,32.48985,0,77.0,17.0,42.0
46.26036077051401,10.968476477374985,1794.0,22.0,3.8916667,17.1,-7.0,278.0,40.0,52.72142,0,305.0,17.0,43.0
46.33057664076113,11.174058107362908,1573.0,29.0,5.758333,19.2,-5.0,418.0,57.0,50.413113,0,60.0,18.0,44.0
46.44556522888381,12.048596118384513,1335.0,21.0,5.554167,19.8,-6.8,863.0,121.0,44.644577,0,248.0,20.0,42.0
46.55683599891462,10.863999548999391,2702.0,25.0,-3.1125,7.8,-12.5,751.0,81.0,15.136647,0,342.0,15.0,48.0
46.33510106528031,10.759231627298943,1865.0,22.0,3.6666667,16.8,-7.4,292.0,39.0,45.704426,0,90.0,12.0,51.0
46.2621377653802,11.83677889776268,2375.0,36.0,-0.27499992,10.8,-9.9,1037.0,127.0,32.22106,0,158.0,22.0,45.0
46.5788158321836,11.006961839765474,2104.0,35.0,2.1625,14.5,-8.0,429.0,58.0,39.62177,0,336.0,13.0,46.0
46.99559238662147,10.547922194390528,1922.0,41.0,1.7333332,14.7,-9.7,903.0,113.0,27.527496,0,92.0,14.0,46.0
46.55492515670578,11.801958635621316,2303.0,23.0,1.1,13.3,-9.2,1042.0,136.0,34.347687,0,170.0,18.0,41.0
46.58150650210621,12.211926918362447,2729.0,68.0,-1.5166668,9.2,-11.0,1344.0,154.0,22.93757,0,288.0,20.0,38.0
46.374990311397376,10.676056349169006,1912.0,21.0,3.3041668,17.0,-8.7,337.0,46.0,47.041252,0,90.0,14.0,46.0
46.98939805726439,11.023981517718822,1765.0,44.0,3.9125,17.6,-7.7,798.0,109.0,40.164272,0,265.0,13.0,48.0
46.71630109409895,11.537135164197217,1979.0,28.0,1.825,14.1,-8.4,872.0,117.0,37.59396,0,8.0,12.0,48.0
46.67994313520534,10.589744481359826,1452.0,31.0,6.625,21.0,-6.1,519.0,73.0,44.191418,0,213.0,14.0,47.0
46.24090882145418,11.91765638120764,2388.0,26.0,1.6416667,13.1,-8.1,1179.0,150.0,36.417095,0,332.0,16.0,42.0
46.47729670734878,10.676586852327551,2313.0,15.0,-0.55,12.2,-11.4,401.0,50.0,29.746359,0,111.0,17.0,45.0
46.30731638983179,11.387201665541712,1438.0,11.0,6.258333,20.1,-4.9,544.0,74.0,48.482243,0,75.0,12.0,47.0
46.36729896409494,11.385888847321738,1454.0,12.0,5.633333,19.3,-5.3,544.0,75.0,48.237057,0,147.0,15.0,44.0
46.26770198670849,11.715565684530656,2450.0,16.0,0.77500004,12.4,-9.0,903.0,116.0,36.989124,0,36.0,16.0,44.0
46.43708982233114,12.158570824289937,1828.0,35.0,3.9583333,17.0,-7.0,1060.0,146.0,43.19459,0,50.0,15.0,42.0
46.62988242543324,11.670847989960729,1400.0,36.0,5.9874997,20.0,-5.5,758.0,108.0,48.18508,0,329.0,13.0,45.0
46.98095099064548,12.26555328954411,2652.0,25.0,-2.8791668,8.5,-12.8,1469.0,167.0,19.075897,0,108.0,18.0,40.0
46.68745369380349,12.258706701179106,2252.0,47.0,0.32500002,11.8,-9.7,1293.0,159.0,28.983425,0,355.0,16.0,44.0
46.33172256048574,11.572688619438422,1800.0,32.0,3.8583333,16.6,-6.7,763.0,107.0,47.4472,0,13.0,14.0,42.0
46.97873308140131,11.520796865504265,2241.0,12.0,0.93333334,13.0,-9.2,1075.0,133.0,28.604092,0,13.0,17.0,43.0
46.40023765639413,11.012812700668082,648.0,33.0,9.325,24.5,-3.7,677.0,82.0,36.942028,0,220.0,15.0,49.0
46.30461745017252,10.534591431063555,2470.0,28.0,0.25,12.7,-10.7,387.0,46.0,29.471033,0,145.0,21.0,39.0
46.75132068815841,11.129859027179585,1880.0,26.0,1.7,14.5,-9.0,652.0,88.0,38.625175,0,120.0,15.0,39.0
46.247974872925255,12.080397166399823,637.0,38.0,8.466666,23.3,-4.7,872.0,103.0,33.747726,0,199.0,19.0,39.0
46.62423273063036,10.98800474265594,1119.0,29.0,7.2916665,22.0,-5.0,577.0,80.0,44.48759,0,278.0,19.0,41.0
46.730007573108274,11.803385335970422,1748.0,17.0,4.225,17.5,-6.6,906.0,129.0,44.929375,0,238.0,9.0,51.0
46.56208244637544,10.57379412783686,2146.0,24.0,1.9625,15.1,-9.5,444.0,57.0,36.3778,0,244.0,12.0,50.0
47.0177626002553,12.009262966935216,1605.0,25.0,3.6541667,17.2,-8.0,1081.0,151.0,39.578156,0,156.0,11.0,50.0
46.42843305259279,10.739291606517655,2777.0,30.0,-2.7791667,8.6,-12.6,625.0,70.0,18.708702,0,12.0,16.0,47.0
46.41934459312493,11.551183470576484,1404.0,44.0,6.508333,20.6,-5.1,680.0,94.0,47.24415,0,46.0,18.0,40.0
46.829968326053184,11.904613357547255,1696.0,20.0,5.070833,18.9,-6.5,941.0,135.0,44.048317,0,129.0,11.0,49.0
46.631566567866,12.188251738881071,2159.0,47.0,2.7291667,15.7,-8.3,1133.0,156.0,40.041515,0,265.0,17.0,42.0
46.94216975371065,11.098996123660132,2806.0,4.0,-2.5583334,9.0,-12.7,1086.0,117.0,16.64976,0,20.0,18.0,47.0
46.768071487550536,12.289693077607604,2265.0,29.0,0.65416664,12.5,-9.6,1327.0,163.0,28.46206,0,231.0,16.0,42.0
46.3024377224666,10.656255610402974,1987.0,31.0,1.3333334,14.1,-9.6,288.0,38.0,40.827797,0,171.0,14.0,47.0
46.82824261493504,11.758097412574005,1280.0,14.0,6.3375,20.6,-5.7,840.0,122.0,47.043865,0,157.0,15.0,54.0
46.31975612190334,11.96150673979158,1823.0,23.0,4.0916667,16.9,-6.4,1082.0,144.0,42.19526,0,337.0,15.0,44.0
46.27526258013955,11.425061686314953,870.0,24.0,8.408333,23.5,-4.4,678.0,84.0,38.97642,0,180.0,18.0,47.0
46.81603485281855,10.604994023895138,2155.0,41.0,1.2083334,14.4,-10.4,687.0,86.0,28.009916,0,270.0,12.0,48.0
46.32262315994932,11.156713088507924,1443.0,8.0,6.4625,20.3,-4.8,450.0,60.0,48.422264,0,277.0,18.0,38.0
46.89556437257109,11.787103337927896,2465.0,56.0,-0.16666667,11.5,-10.3,1204.0,148.0,26.32999,0,307.0,16.0,45.0
46.34613128584651,12.168325490499589,884.0,23.0,7.3875003,22.2,-6.0,874.0,108.0,36.240555,0,72.0,18.0,39.0
47.01468613087661,10.659160218631955,1792.0,28.0,1.9041667,14.5,-9.2,874.0,109.0,28.048834,0,50.0,14.0,45.0
46.9833361844201,12.020416933477872,2130.0,28.0,2.5166667,15.4,-8.4,1159.0,155.0,35.30328,0,81.0,14.0,47.0
46.79307065660005,11.155410166946504,2230.0,46.0,1.8125,14.5,-8.8,677.0,91.0,37.622513,0,288.0,17.0,44.0
46.79060599481781,11.207337620336055,1235.0,32.0,5.4083333,19.3,-5.8,692.0,97.0,46.37055,0,75.0,10.0,49.0
46.575218856519065,11.11807515118732,1339.0,42.0,6.4583335,20.3,-4.6,535.0,75.0,48.96933,0,101.0,8.0,55.0
46.60244446489992,10.521748234257904,2054.0,34.0,1.0,14.2,-10.4,547.0,69.0,30.776226,0,146.0,16.0,44.0
46.8400376021243,11.886106015073146,1921.0,31.0,3.4791667,16.4,-7.1,1048.0,143.0,38.42796,0,270.0,11.0,50.0
46.77146945417704,11.89216055154578,905.0,21.0,7.820833,23.1,-5.8,811.0,117.0,42.325253,0,213.0,15.0,45.0
46.45684198557241,11.201508947323822,1492.0,16.0,5.4541664,18.8,-5.5,477.0,67.0,50.4887,0,331.0,17.0,42.0
46.99604931282438,10.918631821165029,2904.0,26.0,-4.15,6.9,-13.9,1349.0,134.0,13.432137,0,177.0,17.0,45.0
46.67195887378863,12.329148746912242,2515.0,54.0,-0.4333334,10.9,-10.3,1362.0,162.0,26.473375,0,136.0,17.0,43.0
46.96534544369231,10.581674976746507,1943.0,22.0,3.3583333,16.1,-7.9,787.0,103.0,31.707747,0,156.0,13.0,48.0
46.67024716227097,10.638513753949054,2179.0,31.0,1.7666667,14.6,-9.5,543.0,67.0,28.641693,0,267.0,12.0,47.0
46.4020044677924,10.811332979256845,1616.0,28.0,4.891667,19.2,-7.5,409.0,57.0,48.210922,0,10.0,12.0,50.0
46.72890548480036,11.35048925795536,1511.0,26.0,4.858333,18.6,-6.4,707.0,100.0,48.837845,0,334.0,11.0,49.0
46.26562275267878,12.18564334423108,1690.0,31.0,5.616667,19.4,-6.1,1000.0,127.0,39.16907,0,119.0,16.0,42.0
46.27550542879972,12.2932488408151,839.0,24.0,8.854167,23.8,-4.8,947.0,109.0,30.934647,0,80.0,22.0,39.0
46.72299579818748,11.35257554558084,1699.0,20.0,3.9958334,17.2,-6.8,691.0,97.0,45.961338,0,278.0,12.0,49.0
46.74425795814849,10.817811389813953,2199.0,50.0,0.8833334,13.6,-10.1,595.0,75.0,29.915972,0,94.0,16.0,45.0
46.69396541436786,11.161270574473727,625.0,4.0,9.979167,25.7,-3.5,755.0,98.0,37.42696,0,103.0,18.0,46.0
46.78509649494823,12.344688223785502,2107.0,39.0,1.0041666,13.4,-9.7,1307.0,166.0,31.662104,0,118.0,18.0,44.0
46.55671886007144,11.023662896314324,1089.0,20.0,7.4625,22.2,-4.8,598.0,81.0,44.936413,0,149.0,14.0,47.0
46.33545100979843,11.007196315905208,943.0,25.0,7.7125,22.4,-4.7,514.0,67.0,44.55533,0,130.0,22.0,40.0
46.80702879809896,12.276601567552955,2181.0,30.0,1.0958333,13.2,-9.4,1283.0,163.0,31.260687,0,166.0,15.0,46.0
46.9717801397026,11.282613537840533,2360.0,32.0,-0.65,11.1,-10.8,1054.0,127.0,24.65748,0,169.0,19.0,41.0
46.25043810809825,10.585074345289598,2048.0,34.0,1.5208334,15.0,-10.3,274.0,35.0,41.875317,0,309.0,11.0,57.0
46.61176360639462,11.954599558116454,2696.0,17.0,-1.975,9.1,-11.6,1201.0,135.0,21.03015,0,124.0,17.0,49.0
46.82601719183294,11.205002755393917,1202.0,22.0,5.7333336,19.7,-5.7,733.0,103.0,44.96165,0,177.0,14.0,50.0
46.899667099142114,12.314214770776232,2207.0,50.0,-0.37916675,11.5,-10.6,1353.0,163.0,25.143822,0,14.0,14.0,47.0
46.55959414890109,11.376953054514146,867.0,35.0,8.304167,23.2,-4.1,688.0,92.0,42.76874,0,270.0,17.0,46.0
46.28942922852647,10.526083391017163,1697.0,38.0,4.1,18.4,-8.6,373.0,50.0,46.12486,0,170.0,13.0,49.0
47.02509453786379,12.020606625327256,1676.0,39.0,2.55,15.6,-8.6,1175.0,159.0,36.560997,0,229.0,13.0,48.0
46.53017182740205,11.916226036030851,2078.0,17.0,2.3916667,15.2,-8.4,1077.0,146.0,39.78647,0,203.0,20.0,37.0
46.448103150039245,10.970703742820367,1946.0,40.0,2.3833334,15.0,-8.1,314.0,44.0,46.397717,0,358.0,13.0,48.0
46.7214005989384,11.756568215441272,1652.0,27.0,4.6375,18.2,-6.5,848.0,122.0,47.267433,0,291.0,13.0,46.0
46.76393560526787,10.712865130177068,2645.0,20.0,-2.9166667,8.9,-13.3,894.0,99.0,16.605585,0,203.0,16.0,46.0
46.89111358585652,11.391010518744793,1188.0,30.0,7.2,21.8,-5.3,850.0,120.0,43.054634,0,185.0,17.0,44.0
46.6686972571049,12.094059419810543,2188.0,2.0,1.2208333,13.7,-9.3,1192.0,156.0,35.374294,0,124.0,15.0,43.0
46.85963419226222,10.665836914275085,2569.0,15.0,-3.3208334,8.6,-13.6,1083.0,113.0,13.89449,0,175.0,16.0,43.0
46.56414353712967,11.39818230574208,1367.0,28.0,6.8583336,21.1,-4.7,639.0,89.0,47.927074,0,302.0,15.0,45.0
46.789806471167566,11.660469052214172,962.0,22.0,8.358334,23.3,-4.8,815.0,114.0,42.32001,0,69.0,11.0,60.0
46.241029138072605,10.755526090799004,2326.0,40.0,0.7916666,13.1,-9.7,236.0,31.0,41.69228,0,62.0,16.0,53.0
46.57762482022098,11.233996565421462,1156.0,23.0,7.4083333,22.0,-4.7,605.0,84.0,46.184654,0,221.0,18.0,48.0
46.66514727280661,11.858847986009934,2111.0,36.0,3.7375,16.7,-7.0,989.0,140.0,43.831074,0,107.0,12.0,47.0
46.46658924342944,12.203058746463364,1004.0,7.0,7.204167,22.1,-6.2,840.0,113.0,40.26924,0,270.0,17.0,43.0
46.98514442810545,12.113099702669397,2139.0,28.0,0.80833334,13.4,-9.9,1279.0,165.0,30.987148,0,213.0,14.0,44.0
46.89964520637548,11.35947578677265,1271.0,25.0,6.570833,21.0,-5.6,849.0,120.0,44.524506,0,139.0,14.0,47.0
46.59486393508395,10.983423088511644,2052.0,27.0,1.7708334,14.0,-8.3,422.0,56.0,36.2783,0,336.0,13.0,51.0
46.50129197929552,11.584437353214952,2237.0,24.0,0.90000004,12.8,-9.0,822.0,105.0,32.8767,0,312.0,17.0,43.0
46.33136082816575,10.741516840241234,2078.0,36.0,3.6916666,16.8,-7.4,276.0,37.0,46.125103,0,247.0,13.0,47.0
46.78470322561709,11.2490617617461,1107.0,46.0,7.2,22.0,-5.3,745.0,104.0,43.551624,0,220.0,14.0,50.0
46.50455827009785,10.840625191884016,2154.0,29.0,0.5208334,13.1,-10.2,374.0,50.0,35.31757,0,73.0,14.0,44.0
46.639512238204745,12.13545296372865,2741.0,31.0,-2.3833332,8.5,-11.8,1332.0,149.0,20.604416,0,287.0,18.0,42.0
46.45117403125218,10.816418570165604,2826.0,21.0,-1.7458334,10.0,-11.8,538.0,63.0,22.898857,0,104.0,15.0,52.0
46.66615722820987,10.55999077531452,903.0,2.0,8.525,23.9,-4.9,626.0,84.0,38.811214,0,36.0,15.0,49.0
46.39366746570408,11.362153489285106,1141.0,12.0,7.695833,22.4,-4.4,593.0,80.0,45.58814,0,48.0,16.0,41.0
46.778915097313856,11.441885618138654,1897.0,28.0,1.6,14.2,-8.9,833.0,111.0,36.566116,0,277.0,12.0,49.0
46.61238065076902,10.673096762430358,1063.0,14.0,7.8416667,22.9,-5.2,567.0,78.0,42.096943,0,333.0,15.0,44.0
46.9247047959004,10.653403218161838,2803.0,36.0,-2.9291666,8.8,-13.3,1109.0,119.0,14.595437,0,163.0,18.0,44.0
46.231518828514346,11.206025612604762,642.0,16.0,10.116667,25.5,-3.1,697.0,82.0,34.32764,0,47.0,21.0,38.0
46.70480667330269,10.658560511731478,2464.0,39.0,-1.8333333,10.2,-12.3,777.0,84.0,16.04512,0,294.0,15.0,48.0
46.61506875968279,11.19328398888558,375.0,32.0,10.829166,26.8,-3.2,780.0,92.0,33.195305,0,242.0,17.0,48.0
46.59756905066086,11.19036973106285,261.0,2.0,11.295834,27.3,-2.9,806.0,94.0,31.986639,0,236.0,14.0,44.0
46.4303594416285,10.569113396222091,2439.0,31.0,-1.5583333,11.1,-12.6,481.0,57.0,24.461254,0,109.0,18.0,39.0
46.6366800603986,12.174514912287751,2003.0,48.0,1.3958334,13.8,-9.2,1239.0,162.0,36.06354,0,211.0,15.0,44.0
46.91964019071992,10.557499005034392,2301.0,31.0,0.6083334,13.3,-10.5,877.0,104.0,23.069218,0,292.0,15.0,47.0
46.31291530967261,11.243196351935826,213.0,2.0,11.6375,27.5,-2.5,839.0,101.0,28.788635,0,216.0,17.0,44.0
46.67829400719621,10.841380269084944,2712.0,15.0,-3.15,8.1,-12.9,925.0,99.0,14.899802,0,111.0,17.0,44.0
46.9381936502805,10.724467346945614,2277.0,38.0,-1.275,10.9,-11.9,981.0,111.0,19.024729,0,109.0,15.0,44.0
46.7458293779487,11.164546878297909,2024.0,19.0,2.1083333,14.7,-8.3,639.0,86.0,36.674194,0,352.0,14.0,47.0
46.67334147340629,11.878343106364936,1539.0,36.0,5.0166664,18.7,-6.5,881.0,130.0,47.790607,0,60.0,16.0,42.0
46.53090567659567,11.55603011702744,1312.0,15.0,6.329167,20.7,-5.4,687.0,96.0,46.8042,0,345.0,19.0,40.0
46.68371640941291,11.708354308539796,2006.0,6.0,2.9541667,15.5,-7.4,933.0,126.0,38.649647,0,71.0,13.0,48.0
46.310458715878944,10.944121105411046,2087.0,11.0,1.4875,13.4,-8.3,197.0,26.0,37.166344,0,194.0,20.0,38.0
46.61768462347668,11.183718633968354,268.0,1.0,11.158334,27.2,-3.0,800.0,92.0,32.25071,0,180.0,13.0,48.0
46.87081375529293,10.66486341732072,2861.0,24.0,-4.3541665,7.2,-14.4,1200.0,121.0,12.784447,0,171.0,19.0,37.0
46.29330882333493,12.177429401456994,1837.0,29.0,3.5708332,16.3,-7.1,1190.0,153.0,38.99402,0,31.0,16.0,41.0
46.78414125583273,10.5346300564596,1489.0,0.0,5.1291666,19.3,-7.3,585.0,80.0,41.15028,0,0.0,,
47.00102179718959,11.244489925006771,2637.0,37.0,-1.8666667,9.6,-11.9,1150.0,129.0,18.435888,0,330.0,16.0,44.0
46.43470955015966,12.028406327859308,1728.0,26.0,4.7,18.2,-6.6,960.0,134.0,45.177273,0,340.0,16.0,43.0
46.88274902395119,11.852301389294448,1578.0,33.0,3.8458333,17.3,-7.4,989.0,141.0,43.134007,0,29.0,12.0,49.0
46.60877863431998,11.50101262277111,1401.0,29.0,6.1583333,20.3,-5.4,707.0,101.0,48.92591,0,97.0,12.0,48.0
46.99984680752412,10.88400345338904,2436.0,19.0,-1.0666666,10.9,-11.6,1007.0,115.0,20.013065,0,259.0,18.0,44.0
46.81540741371984,10.87358661452989,3312.0,12.0,-6.0416665,4.8,-15.5,1265.0,122.0,12.209285,0,146.0,16.0,47.0
46.71542508171065,10.715257238879955,2892.0,38.0,-4.3416667,6.9,-14.2,1016.0,102.0,12.0319805,0,314.0,14.0,48.0
46.63224431428704,10.663746221485484,1080.0,26.0,8.279166,23.5,-5.0,593.0,80.0,39.709595,0,229.0,16.0,49.0
46.65332319618772,11.40022828986395,2113.0,26.0,1.8125,14.2,-8.4,696.0,92.0,35.545494,0,229.0,13.0,46.0
46.590989832775456,11.19096221158454,258.0,3.0,11.25,27.2,-2.9,807.0,94.0,31.740993,0,236.0,15.0,46.0
47.01732892538959,10.619025830086583,1234.0,61.0,7.45,22.4,-5.4,784.0,109.0,38.377438,0,323.0,10.0,49.0
46.43211329915192,12.014947084839456,1488.0,33.0,6.1875,20.4,-6.0,831.0,115.0,44.91682,0,237.0,19.0,40.0
46.3223279317507,10.505586679781764,2613.0,45.0,-1.1374999,10.8,-11.7,497.0,57.0,22.623198,0,289.0,17.0,44.0
46.31437181041254,11.985803826561334,1754.0,48.0,5.3083334,18.7,-5.7,952.0,128.0,43.38973,0,101.0,14.0,43.0
46.81112588828304,10.732947769314288,2979.0,21.0,-5.0458336,5.6,-14.8,1142.0,119.0,13.715519,0,30.0,,
46.53126855873177,10.883861804033812,2231.0,22.0,0.5916667,13.0,-9.8,412.0,55.0,35.35591,0,69.0,16.0,44.0
46.68665698075412,11.886380502899996,1198.0,18.0,6.554167,21.1,-6.1,789.0,116.0,47.654602,0,129.0,17.0,38.0
46.86237950900133,10.76188562647577,2888.0,8.0,-5.1666665,4.8,-14.9,1157.0,121.0,13.789278,0,29.0,,
46.36018705096434,10.80654684708258,2679.0,20.0,-1.45,9.3,-10.7,551.0,63.0,21.06997,0,313.0,20.0,43.0
46.733840237014896,10.941250637380158,2419.0,29.0,1.5,14.1,-9.4,570.0,74.0,32.68959,0,257.0,14.0,46.0
46.92758735515487,11.171514672932735,2565.0,38.0,-2.0583334,9.4,-12.0,1098.0,123.0,18.98689,0,160.0,16.0,45.0
46.58914392502764,11.777663899047356,2623.0,3.0,-0.6958333,10.7,-10.5,1070.0,130.0,27.029383,0,124.0,18.0,38.0
46.72615454645438,12.182856052730898,1344.0,18.0,5.9041667,20.5,-7.0,754.0,115.0,47.51593,0,307.0,14.0,41.0
46.62955144997058,11.89851414486374,1362.0,37.0,5.85,20.3,-6.6,808.0,118.0,47.667118,0,338.0,9.0,46.0
46.65274066001383,11.23257178060345,1345.0,24.0,6.2208333,20.4,-5.3,608.0,86.0,48.322536,0,171.0,16.0,48.0
46.726263143706944,12.195580478878275,1271.0,15.0,6.0416665,20.7,-7.1,736.0,112.0,47.033405,0,355.0,17.0,40.0
46.86139094624406,10.76095008002372,2900.0,3.0,-5.1666665,4.8,-14.9,1157.0,121.0,13.789278,0,26.0,,
46.685604636259264,11.887016777623348,1196.0,43.0,6.554167,21.1,-6.1,789.0,116.0,47.654602,0,317.0,18.0,36.0
46.79211503333098,11.907478228007264,921.0,20.0,7.7541666,23.1,-5.9,815.0,117.0,42.496037,0,36.0,11.0,49.0
46.62259645689692,11.835785910011133,1677.0,15.0,3.6416667,17.1,-7.5,947.0,139.0,46.162624,0,345.0,16.0,41.0
46.883064052677646,11.140195272830368,1571.0,29.0,2.6625,16.0,-8.3,742.0,100.0,38.357708,0,217.0,11.0,48.0
46.33091739040358,12.083346051216068,2068.0,76.0,4.045833,16.9,-6.7,1149.0,153.0,41.491688,0,98.0,14.0,44.0
46.65911009845483,11.43977458094398,2141.0,12.0,1.5708333,14.1,-8.9,741.0,99.0,37.59633,0,139.0,15.0,45.0
46.802505915767554,11.851098019751518,897.0,28.0,7.525,22.6,-5.7,813.0,118.0,44.258377,0,221.0,13.0,46.0
46.67952223115044,11.619579002183253,628.0,35.0,9.470833,24.9,-4.4,812.0,104.0,36.502083,0,116.0,18.0,48.0
46.88747436083704,11.62067603731414,1776.0,7.0,3.0208333,16.2,-8.0,980.0,136.0,41.391262,0,180.0,15.0,45.0
46.41039438560816,11.141022744233592,1002.0,8.0,8.504167,23.7,-4.2,606.0,78.0,41.119892,0,299.0,20.0,43.0
46.9833638504848,11.36444799202327,2714.0,55.0,-1.8791666,9.2,-11.5,1257.0,138.0,18.082472,0,262.0,18.0,44.0
46.34017134408231,12.205641399767128,808.0,5.0,7.366667,22.1,-5.8,868.0,107.0,36.271576,0,330.0,16.0,41.0
46.92354703800738,10.53438266574014,2248.0,30.0,-0.06666667,12.1,-10.9,957.0,108.0,18.952003,0,238.0,18.0,41.0
46.96065555999111,10.691650612799082,2809.0,30.0,-3.7291667,7.6,-13.7,1280.0,130.0,13.089256,0,42.0,18.0,44.0
46.79232050442056,12.22555077073173,1815.0,39.0,3.4416666,16.4,-7.6,1096.0,152.0,39.991848,0,268.0,12.0,49.0
46.81556424058794,11.293623156901482,1765.0,22.0,2.4083333,15.1,-8.2,736.0,100.0,37.756092,0,14.0,13.0,50.0
46.95423744116715,12.07210264137436,1742.0,31.0,2.9666667,16.8,-8.9,1080.0,152.0,39.883793,0,261.0,14.0,44.0
46.32866828897027,12.06922001888402,2381.0,51.0,1.45,12.9,-8.3,1252.0,154.0,32.79056,0,219.0,20.0,45.0
46.47732134309626,11.121616630462904,1315.0,26.0,6.6541667,20.8,-5.0,536.0,73.0,46.987225,0,68.0,20.0,40.0
46.821776303586645,11.20980242493603,818.0,35.0,8.0625,23.1,-4.8,780.0,108.0,40.558132,0,137.0,17.0,47.0
46.709934793693066,11.973649932288934,2203.0,33.0,2.1416667,14.5,-8.3,1106.0,147.0,35.83586,0,270.0,17.0,42.0
46.91669800221881,11.27562279652027,1599.0,34.0,4.9166665,19.1,-6.8,854.0,120.0,45.98,0,51.0,10.0,48.0
46.50558168857536,11.148169225036227,1535.0,13.0,5.4333334,19.0,-5.6,485.0,68.0,49.92432,0,249.0,20.0,37.0
46.408208811001245,11.346145118266556,1098.0,34.0,8.875,24.1,-3.9,646.0,82.0,40.443085,0,0.0,16.0,46.0
46.36983388912646,10.763913862689312,2639.0,45.0,-0.86249995,10.6,-10.7,448.0,55.0,27.026558,0,27.0,18.0,45.0
46.95754800593434,11.283889620599146,2317.0,41.0,-1.0833334,10.4,-11.1,1086.0,129.0,23.905579,0,30.0,15.0,48.0
46.732650994167216,11.586192149585234,1547.0,24.0,4.875,18.3,-6.1,798.0,115.0,48.91745,0,12.0,10.0,50.0
46.63946259810562,10.898221148918578,1315.0,29.0,7.304167,22.1,-5.2,568.0,78.0,44.078133,0,187.0,18.0,45.0
46.91440103615442,11.542653996290628,2199.0,32.0,0.44583338,12.2,-9.7,1054.0,127.0,26.434248,0,200.0,16.0,45.0
46.62913331824209,12.36462851453424,2155.0,47.0,1.25,13.4,-9.3,1288.0,164.0,34.173874,0,0.0,17.0,38.0
46.8263213481621,10.625947485557996,2235.0,12.0,0.49166667,13.5,-10.9,725.0,90.0,26.87539,0,13.0,16.0,44.0
46.39271714004813,12.179839522090834,1700.0,1.0,3.8833334,16.6,-6.9,1144.0,152.0,40.33615,0,270.0,17.0,41.0
46.53007266107563,11.669195082156616,1685.0,7.0,4.025,17.9,-7.3,820.0,117.0,46.51438,0,305.0,17.0,38.0
46.46347361043787,11.599029873163804,1727.0,28.0,4.5291667,17.9,-6.5,738.0,105.0,48.22975,0,282.0,10.0,49.0
46.58024148727956,11.481104204767933,1578.0,6.0,5.241667,18.9,-5.8,671.0,96.0,49.031647,0,180.0,9.0,51.0
46.83857434570916,11.429907947068388,2174.0,29.0,1.5791667,14.1,-8.8,877.0,113.0,33.49431,0,47.0,16.0,40.0
46.28954407469303,11.125761198669997,1050.0,25.0,7.5875,22.1,-4.4,501.0,66.0,46.346977,0,243.0,22.0,36.0
46.44492993492204,11.198589453582208,1542.0,4.0,5.6291666,19.2,-5.4,475.0,66.0,50.50333,0,224.0,19.0,39.0
46.86674281053866,11.485196037737232,946.0,4.0,7.6458335,22.4,-5.2,838.0,118.0,42.870987,0,283.0,14.0,49.0
46.919464128464845,12.070885725317469,2573.0,38.0,-1.4958333,10.1,-11.6,1327.0,157.0,23.050377,0,46.0,16.0,49.0
46.24514047844778,11.756927357702375,2064.0,35.0,2.1708333,14.2,-8.0,1054.0,144.0,43.338146,0,163.0,15.0,46.0
46.935752890780535,11.565351801934952,1929.0,28.0,2.5166667,15.6,-8.4,969.0,130.0,37.5007,0,16.0,14.0,46.0
46.308595530729725,10.945908763463295,2086.0,13.0,1.4875,13.4,-8.3,197.0,26.0,37.166344,0,62.0,19.0,40.0
46.54555828322688,12.052992124861618,2509.0,48.0,-1.1041666,10.0,-10.8,1249.0,149.0,27.37237,0,26.0,16.0,41.0
46.55288723424557,10.764334281925588,1943.0,25.0,2.0916667,15.0,-8.8,393.0,53.0,38.282104,0,120.0,11.0,49.0
46.73342814666471,10.66306337963719,2337.0,34.0,-1.5208334,10.5,-12.1,816.0,90.0,17.478918,0,150.0,19.0,44.0
46.92698531066186,10.730104811793748,2028.0,39.0,0.8833333,14.0,-10.5,788.0,100.0,29.576557,0,58.0,13.0,47.0
46.93990032881977,11.288562829946896,2321.0,33.0,1.0791667,13.3,-9.3,948.0,122.0,32.46939,0,195.0,20.0,41.0
46.49675765124996,11.668793572646011,2160.0,27.0,1.8916667,14.8,-8.8,904.0,124.0,41.9338,0,140.0,15.0,42.0
46.25669451681678,11.179422208825752,425.0,34.0,11.45,27.1,-2.5,811.0,97.0,29.118216,0,157.0,18.0,48.0
46.51816010136098,11.94755401128686,2148.0,18.0,1.325,13.7,-9.2,1139.0,149.0,36.367832,0,216.0,21.0,36.0
47.00506227355363,10.91099246434136,3279.0,41.0,-5.4958334,5.1,-14.9,1495.0,146.0,13.472626,0,76.0,,
46.92063740631493,10.76252290591004,2858.0,21.0,-3.4291666,8.0,-13.6,1123.0,118.0,14.101821,0,349.0,18.0,47.0
46.37438636212087,11.38138913811394,1508.0,24.0,5.9875,19.8,-5.1,543.0,75.0,47.977905,0,322.0,15.0,43.0
46.81973673251144,11.458790741352535,2047.0,44.0,2.7833333,15.9,-8.0,834.0,114.0,40.85814,0,112.0,15.0,44.0
46.4029706494677,11.25326833027622,298.0,5.0,11.520833,27.5,-2.8,820.0,101.0,31.851725,0,125.0,17.0,43.0
47.0129054627248,12.06180031419559,1876.0,45.0,2.65,15.6,-8.4,1160.0,157.0,35.710518,0,19.0,11.0,50.0
46.77957330130753,12.184548093632024,1328.0,11.0,5.866667,20.4,-7.0,801.0,121.0,46.052544,0,152.0,14.0,46.0
46.95711259218416,10.534907174827977,1346.0,30.0,4.616667,18.2,-7.4,756.0,101.0,35.773464,0,311.0,12.0,46.0
46.44756468614164,11.578577922493436,1647.0,9.0,4.766667,18.1,-6.2,726.0,104.0,49.077686,0,310.0,11.0,47.0
46.62536878090763,11.258313554943213,1597.0,2.0,5.383333,19.1,-5.9,590.0,84.0,48.55874,0,36.0,18.0,42.0
46.43931043031153,10.762345938675482,1862.0,34.0,1.8666667,15.2,-9.6,329.0,45.0,44.52459,0,97.0,12.0,46.0
46.70491413102099,12.134653506457166,1711.0,17.0,3.9458332,17.4,-7.4,978.0,140.0,43.5797,0,115.0,16.0,42.0
46.36902552206705,11.74410680949033,1870.0,33.0,3.4666667,16.7,-7.5,939.0,134.0,46.484573,0,336.0,11.0,46.0
46.55128690215552,12.067740653096308,3081.0,61.0,-2.05,8.6,-11.4,1260.0,144.0,22.712866,0,45.0,19.0,45.0
46.26683213939092,11.47087075019766,1283.0,11.0,7.2625,22.0,-5.1,639.0,83.0,43.465687,0,0.0,14.0,45.0
46.37618802844072,12.293108163840037,1349.0,21.0,5.8,19.6,-6.0,956.0,125.0,39.55421,0,287.0,16.0,42.0
46.5392805618194,10.959309483476472,1441.0,30.0,5.85,20.3,-6.2,499.0,70.0,47.85977,0,204.0,13.0,50.0
46.95807946612239,11.318049879424953,2008.0,33.0,1.5708333,13.9,-8.9,927.0,122.0,35.134262,0,24.0,12.0,46.0
46.98497425085007,11.641947353218082,1740.0,26.0,2.1875,15.2,-8.8,1042.0,142.0,38.477116,0,174.0,14.0,45.0
46.97504418863358,11.74155336724982,2874.0,25.0,-2.9541667,7.9,-12.6,1365.0,154.0,18.750196,0,354.0,,
46.43818049335856,10.558828510781826,2789.0,36.0,-3.125,8.7,-13.5,642.0,71.0,17.36302,0,77.0,18.0,41.0
46.989693348952684,12.08326294584134,2476.0,32.0,-1.6375,9.7,-11.5,1417.0,162.0,20.486656,0,69.0,17.0,40.0
46.84299611397046,11.125538822566586,2516.0,27.0,-1.425,10.1,-11.3,952.0,110.0,21.053932,0,133.0,17.0,47.0
46.77732938887621,11.427064430819522,1736.0,27.0,3.95,17.7,-7.2,777.0,109.0,46.31865,0,349.0,11.0,48.0
46.289886334001686,11.360101670086271,1458.0,6.0,6.5,20.4,-4.7,531.0,71.0,47.52082,0,166.0,11.0,50.0
46.99961228317654,10.504891974652866,1973.0,28.0,0.59166664,13.4,-10.9,985.0,118.0,25.050558,0,177.0,15.0,43.0
46.51674027877206,11.6042228584047,1784.0,21.0,3.65,17.1,-7.3,771.0,109.0,45.266186,0,272.0,16.0,40.0
46.33834279233158,12.215853541652018,840.0,39.0,7.429167,22.1,-5.7,869.0,107.0,36.670567,0,20.0,17.0,42.0
46.37679448459383,11.334528636888953,1083.0,8.0,8.375,23.3,-4.1,613.0,80.0,43.13077,0,305.0,16.0,45.0
46.8330320427677,12.292254745212585,2296.0,24.0,-0.09583327,11.6,-10.4,1345.0,164.0,26.94247,0,216.0,17.0,43.0
46.75375661922365,12.008751363014396,1313.0,23.0,6.2875,20.9,-6.5,776.0,117.0,46.573433,0,110.0,15.0,46.0
47.00986097359815,11.69211250267379,2405.0,37.0,-1.7,9.7,-11.7,1266.0,145.0,20.52298,0,242.0,14.0,57.0
46.405506543648194,11.415720617781655,1205.0,33.0,7.1375,21.6,-4.8,607.0,82.0,45.707718,0,4.0,14.0,51.0
46.26083198423826,12.265866946867488,778.0,30.0,8.804167,23.7,-4.7,934.0,109.0,30.901016,0,329.0,19.0,40.0
46.67180092850705,12.369264598955086,1715.0,14.0,3.2208333,16.4,-8.1,1089.0,149.0,39.593582,0,317.0,15.0,43.0
46.32537332348552,11.08554226717904,706.0,11.0,9.770833,25.5,-3.9,660.0,79.0,36.509014,0,224.0,20.0,40.0
46.32120254352067,10.860669145557305,866.0,33.0,8.333333,23.4,-4.6,596.0,75.0,39.45873,0,322.0,14.0,51.0
46.60686436445564,12.266254307203756,1782.0,13.0,2.6583333,15.5,-8.3,1157.0,156.0,38.93508,0,69.0,16.0,40.0
46.48341465734563,12.079787724451974,2099.0,26.0,2.3833332,14.9,-8.3,1171.0,160.0,40.99557,0,343.0,18.0,40.0
46.70400427850651,10.56972006949518,1984.0,24.0,2.6791668,15.7,-8.9,554.0,70.0,31.998537,0,244.0,14.0,52.0
46.58045590528434,11.492089941302122,1467.0,15.0,6.6458335,21.0,-5.1,682.0,97.0,48.587776,0,58.0,13.0,49.0
46.48038230127976,10.622730905633258,3007.0,11.0,-4.741667,6.1,-14.3,819.0,85.0,12.799811,0,144.0,15.0,51.0
46.75604219298602,11.507304573178384,2234.0,2.0,0.12083333,12.2,-10.0,941.0,119.0,31.115515,0,124.0,14.0,46.0
46.5691425907986,11.47320895191114,1380.0,24.0,5.9416666,19.9,-5.4,669.0,95.0,48.712334,0,98.0,12.0,51.0
46.24887328258821,10.93614140994857,1466.0,6.0,3.6041667,17.2,-7.8,303.0,42.0,51.983536,0,346.0,12.0,46.0
46.37706506360004,10.500961575521494,2553.0,23.0,-1.1416667,11.5,-12.0,459.0,54.0,25.31797,0,97.0,18.0,45.0
46.86517771222835,12.256532796958105,1894.0,41.0,3.266667,16.7,-8.3,1117.0,157.0,40.23038,0,263.0,16.0,45.0
46.84003237792066,11.15633311884865,1575.0,53.0,4.0,17.5,-7.1,716.0,101.0,44.337753,0,123.0,13.0,47.0
46.61129503647988,10.570821732615352,1105.0,28.0,7.1666665,22.0,-5.7,553.0,77.0,43.08615,0,135.0,11.0,49.0
46.84089599162926,12.340710312378434,1863.0,31.0,3.2208333,16.8,-8.6,1116.0,156.0,40.239315,0,281.0,13.0,49.0
46.6453086369077,11.129515420761734,799.0,40.0,8.891666,24.0,-3.8,685.0,91.0,39.984,0,84.0,15.0,48.0
46.51168514736416,10.707099159654808,2457.0,18.0,-1.0416666,11.0,-11.4,522.0,62.0,22.966969,0,168.0,17.0,43.0
46.798937873725166,12.095256792674723,1935.0,16.0,2.7416668,15.3,-7.8,1139.0,152.0,35.968952,0,283.0,12.0,50.0
46.95396119921037,11.01899200499367,1551.0,35.0,4.1833334,18.1,-7.5,758.0,105.0,41.921963,0,258.0,10.0,48.0
46.53532593154128,11.300434401782702,1235.0,3.0,7.4583335,22.0,-4.5,612.0,84.0,45.986,0,154.0,15.0,49.0
46.99063198088409,10.733210187382126,1780.0,26.0,1.2291666,14.0,-9.9,871.0,109.0,28.243135,0,8.0,13.0,46.0
46.30061268707166,11.970948080766124,1273.0,33.0,4.5499997,17.5,-6.1,1051.0,138.0,41.136837,0,163.0,22.0,44.0
46.93315717133083,12.33743236511348,1759.0,23.0,2.875,16.5,-8.9,1130.0,158.0,39.33433,0,219.0,14.0,47.0
46.3623901251227,11.64756979177078,1178.0,23.0,6.6708336,21.1,-5.6,736.0,99.0,45.813732,0,315.0,12.0,46.0
46.97974141566618,10.93373333026729,2395.0,22.0,-0.6791666,11.7,-11.3,937.0,111.0,23.05559,0,79.0,15.0,40.0
46.890533421801344,10.93167169322512,2771.0,31.0,-2.9208333,8.8,-13.1,1064.0,115.0,15.731221,0,152.0,18.0,43.0
46.40493094751388,10.830617088811998,1154.0,23.0,5.7,20.4,-7.0,465.0,64.0,46.968506,0,9.0,15.0,48.0
46.88700230741398,12.290570793598736,2240.0,25.0,0.15416671,12.1,-10.2,1330.0,165.0,27.544449,0,100.0,15.0,46.0
47.0007290752925,10.608680683291023,1549.0,22.0,6.0416665,20.0,-6.1,783.0,108.0,38.96522,0,14.0,13.0,50.0
46.70480348202046,11.469641555854508,2458.0,27.0,-0.1999999,11.6,-10.3,888.0,110.0,28.141058,0,188.0,17.0,46.0
46.54480896714728,10.825693900556209,2563.0,13.0,-2.1375,9.0,-11.8,646.0,71.0,17.175514,0,295.0,14.0,49.0
47.02240300167802,11.419014315885644,1659.0,23.0,4.4875,18.3,-6.8,953.0,131.0,43.159912,0,164.0,13.0,49.0
46.40807808918285,12.026089553294527,1097.0,33.0,6.741667,21.3,-5.9,811.0,109.0,42.57112,0,218.0,14.0,40.0
46.941690811868455,10.565713736248668,1830.0,17.0,3.8041668,17.2,-8.0,747.0,99.0,35.211964,0,90.0,11.0,53.0
46.446692540038505,11.231987710805882,856.0,23.0,8.525,23.5,-4.3,639.0,83.0,43.101727,0,74.0,24.0,35.0
46.90768513579353,10.583499829954238,2122.0,35.0,1.2750001,14.8,-10.4,778.0,99.0,30.149878,0,98.0,15.0,46.0
46.75093815153864,12.014276946555889,1155.0,16.0,6.2875,20.9,-6.5,776.0,117.0,46.573433,0,124.0,14.0,44.0
46.45340294986323,11.875332811991097,2201.0,17.0,1.6666667,14.1,-8.8,1097.0,149.0,39.55182,0,43.0,17.0,41.0
46.43618266311122,11.197428586199266,1536.0,16.0,5.725,19.3,-5.4,478.0,67.0,50.533783,0,243.0,11.0,48.0
46.29395544053143,11.427783277238907,1166.0,23.0,7.4166665,22.1,-4.8,620.0,81.0,43.62458,0,196.0,14.0,51.0
47.01853474369583,12.173155628627253,2801.0,21.0,-3.7125,7.4,-13.4,1515.0,162.0,15.264515,0,173.0,17.0,43.0
46.61193590770445,11.42641969016302,1902.0,38.0,2.8541667,15.6,-7.7,674.0,94.0,42.88607,0,301.0,11.0,53.0
46.50626295438969,12.042634627506224,2237.0,20.0,0.7083334,12.5,-9.5,1208.0,154.0,34.46155,0,337.0,16.0,43.0
46.917473764102525,11.517360108104072,1239.0,8.0,5.3166666,19.4,-6.4,889.0,125.0,46.759796,0,170.0,12.0,46.0
46.920392938780125,11.475251322278018,1790.0,16.0,3.4541667,16.2,-7.1,902.0,121.0,37.740936,0,254.0,13.0,48.0
46.79321532996676,12.122319506706203,1963.0,23.0,2.6708333,15.2,-7.9,1162.0,155.0,35.892635,0,237.0,11.0,51.0
46.72178511170508,11.772350808354702,1692.0,42.0,4.0666666,17.4,-6.8,886.0,127.0,45.697342,0,7.0,13.0,48.0
46.93111828649359,10.854353391235664,2538.0,20.0,-3.5166667,7.4,-13.6,1104.0,119.0,15.109518,0,324.0,15.0,48.0
46.821186252301096,11.12717496580091,1843.0,43.0,3.2958333,16.6,-7.9,718.0,99.0,42.81916,0,158.0,15.0,48.0
46.67209950038946,10.502611976165198,1360.0,33.0,6.5333333,21.3,-6.4,584.0,81.0,42.549778,0,154.0,13.0,50.0
46.23453583385946,11.449459805996124,1671.0,21.0,4.3125,17.2,-6.2,551.0,77.0,49.54232,0,46.0,11.0,52.0
46.48925082266362,10.657777405504325,2532.0,35.0,-2.5125,9.4,-12.7,603.0,68.0,17.885641,0,139.0,19.0,43.0
46.43622229507701,11.68198098178949,1563.0,22.0,4.1916666,17.7,-7.0,806.0,116.0,49.0943,0,111.0,17.0,38.0
46.88101240310093,10.51748241536812,1591.0,17.0,3.875,17.7,-8.3,692.0,91.0,35.978233,0,276.0,15.0,42.0
46.83512953769762,10.700566516035732,2827.0,35.0,-5.325,5.3,-15.0,1201.0,121.0,12.573542,0,328.0,18.0,47.0
46.89807742077289,11.308788711488384,1508.0,16.0,4.891667,18.7,-6.4,821.0,115.0,46.10441,0,70.0,10.0,48.0
46.971222733003465,11.683492590949236,2603.0,57.0,-2.2666667,9.0,-12.1,1301.0,147.0,18.837107,0,12.0,15.0,48.0
46.77691818566341,12.253093552594994,2014.0,23.0,1.4708333,13.5,-8.9,1278.0,160.0,30.80767,0,110.0,15.0,47.0
46.361867751384224,12.27192289055146,1745.0,33.0,4.55,17.5,-6.3,1107.0,143.0,39.11203,0,286.0,16.0,43.0
46.69278303516625,10.626460085556806,1593.0,30.0,4.7541666,18.9,-7.6,519.0,69.0,41.144672,0,316.0,15.0,47.0
46.26585805313382,11.661602182812228,1944.0,23.0,2.6875,14.9,-7.5,912.0,124.0,44.58091,0,259.0,11.0,47.0
46.826075713243625,12.312276481741502,2484.0,35.0,-0.7583333,10.8,-10.9,1378.0,164.0,24.003426,0,125.0,19.0,41.0
46.53475737563121,11.612011585304645,1857.0,5.0,3.7833333,17.2,-7.1,777.0,109.0,43.731194,0,330.0,16.0,41.0
46.58869698518297,11.297457746744138,1411.0,18.0,6.1375,20.2,-5.3,614.0,84.0,46.925423,0,132.0,19.0,41.0
46.8867755414064,11.486029345441644,1547.0,32.0,4.945833,18.5,-6.1,843.0,119.0,46.32594,0,223.0,13.0,46.0
46.29501778570402,10.913346903093002,2210.0,32.0,1.0625,12.9,-8.8,192.0,26.0,39.260223,0,42.0,17.0,38.0
46.33397865920743,10.930707706964617,1494.0,9.0,5.945833,20.2,-6.1,426.0,58.0,48.87726,0,240.0,16.0,42.0
46.81144629726165,10.55905136969427,1686.0,29.0,3.4291666,17.1,-8.8,636.0,83.0,35.348724,0,182.0,16.0,46.0
46.73763443434778,11.285389077483153,2490.0,47.0,0.46249998,12.3,-9.6,781.0,98.0,29.374441,0,39.0,14.0,47.0
46.581463949276426,11.921859982654144,1520.0,17.0,4.75,18.9,-7.3,876.0,128.0,47.6592,0,238.0,15.0,42.0
46.9410364212108,11.2659540428077,2042.0,28.0,2.8583333,16.2,-8.2,864.0,119.0,41.40605,0,265.0,16.0,46.0
46.79843705531487,12.123868975770474,2112.0,26.0,2.6708333,15.2,-7.9,1162.0,155.0,35.892635,0,169.0,12.0,46.0
46.60606506860725,12.116829406971762,1693.0,21.0,4.2083335,17.8,-7.3,978.0,138.0,43.67461,0,187.0,15.0,46.0
46.92076091834969,10.847441988422766,2878.0,51.0,-4.383333,6.2,-14.3,1160.0,121.0,13.808441,0,310.0,17.0,50.0
46.59053273717163,10.78785120409771,1730.0,19.0,3.6333334,16.7,-7.3,388.0,54.0,42.74023,0,15.0,14.0,46.0
46.72784080874053,11.923598878224016,1532.0,16.0,4.554167,18.0,-6.7,927.0,133.0,44.35385,0,111.0,13.0,47.0
46.95515255675416,11.05059861584194,2264.0,29.0,-0.09166663,12.1,-10.7,889.0,105.0,23.767036,0,2.0,12.0,47.0
46.612680658276695,11.990007190590706,2342.0,5.0,-0.06250005,12.0,-10.3,1184.0,149.0,31.197203,0,260.0,15.0,41.0
46.42646209628406,11.636153820146667,2073.0,19.0,1.0916667,12.9,-9.0,876.0,115.0,36.99482,0,152.0,18.0,42.0
46.62069677292645,10.87548985466517,674.0,8.0,9.291667,24.9,-4.2,668.0,85.0,37.042267,0,331.0,18.0,45.0
46.48884643331522,11.71883022428564,1715.0,11.0,3.4916666,16.8,-7.6,891.0,127.0,46.765068,0,76.0,11.0,50.0
47.01286505399663,11.310669822034102,1612.0,34.0,3.4875002,17.0,-7.7,919.0,129.0,42.360413,0,310.0,12.0,48.0
46.28711153029152,10.522247316456824,1549.0,21.0,4.75,19.3,-8.3,409.0,56.0,46.93787,0,194.0,13.0,47.0
47.00518371205115,11.240169363056369,2320.0,20.0,-0.12500003,11.9,-10.5,999.0,122.0,25.71303,0,306.0,15.0,45.0
46.83197103733451,11.729048395176338,824.0,11.0,8.1375,23.2,-5.2,842.0,119.0,42.12404,0,240.0,12.0,60.0
46.8058873673116,12.198098453355492,1831.0,25.0,3.2,16.1,-7.8,1136.0,157.0,39.55921,0,86.0,9.0,51.0
47.01470444753931,10.953130973053552,2433.0,28.0,0.4375,12.7,-10.1,931.0,115.0,26.739515,0,92.0,17.0,45.0
46.61334443417285,10.534864091774242,1963.0,32.0,2.7458334,16.5,-9.2,486.0,64.0,39.427406,0,117.0,12.0,49.0
46.97855217751245,11.95123822235963,1281.0,34.0,5.358333,19.6,-7.2,925.0,137.0,44.89689,0,317.0,8.0,51.0
46.93183166313554,11.4995268938952,2507.0,34.0,0.6958334,12.3,-9.2,1064.0,126.0,24.628843,0,274.0,17.0,44.0
46.51421535823747,12.04232249624943,2065.0,31.0,1.4666667,13.6,-9.0,1192.0,158.0,37.94601,0,270.0,19.0,39.0
46.389310396656846,12.328336657811263,1271.0,24.0,6.3125,20.5,-6.0,909.0,120.0,39.792778,0,116.0,20.0,36.0
46.38874625074728,11.997579406068825,873.0,21.0,7.8333335,22.8,-5.3,829.0,106.0,38.592567,0,155.0,17.0,40.0
46.9867595187076,11.75410880045096,2470.0,20.0,-1.2583333,10.2,-11.3,1263.0,153.0,24.381987,0,275.0,12.0,54.0
46.97455274707384,10.559582121352888,1084.0,25.0,5.9041667,20.0,-6.4,769.0,106.0,37.883213,0,330.0,14.0,45.0
46.46728676781643,11.646696121451695,2732.0,39.0,-2.2291667,8.6,-11.6,1005.0,114.0,21.914267,0,211.0,18.0,44.0
46.79777082971961,12.129191451022471,2076.0,11.0,2.1958332,14.5,-8.3,1200.0,157.0,33.969067,0,236.0,14.0,47.0
46.7167286647035,11.96548352958047,1927.0,17.0,3.7791667,17.0,-7.2,985.0,139.0,42.499744,0,261.0,15.0,40.0
46.66526352431537,12.173785289771129,2031.0,28.0,2.3666668,15.2,-8.5,1142.0,155.0,38.852005,0,261.0,15.0,45.0
46.61218839937682,11.966249888975405,2541.0,5.0,-1.2625,10.2,-11.2,1187.0,139.0,24.896652,0,132.0,19.0,42.0
46.81170054036327,11.48486728875108,2197.0,32.0,1.3166667,13.6,-8.9,876.0,114.0,33.040974,0,9.0,11.0,56.0
46.74700037142189,11.609922449922207,1410.0,28.0,6.5041666,20.5,-5.2,786.0,112.0,47.96412,0,86.0,13.0,47.0
46.57458494111153,12.130806448390798,1870.0,68.0,4.65,18.4,-7.1,961.0,134.0,43.168537,0,213.0,14.0,44.0
46.671448335730894,11.432121540583909,2015.0,31.0,1.9791666,14.7,-8.6,723.0,98.0,38.979836,0,121.0,12.0,48.0
47.02240152156681,10.92771775616366,2721.0,40.0,-3.1,8.1,-13.0,1281.0,134.0,14.605279,0,133.0,,
46.55039542081822,10.65296837408688,3090.0,34.0,-4.4166665,6.5,-13.9,910.0,92.0,12.207223,0,45.0,,
46.4345345086258,10.557836250631803,2808.0,25.0,-3.7833333,7.8,-13.9,723.0,77.0,14.5050745,0,72.0,21.0,40.0
46.80818245427156,12.124148893086804,2153.0,25.0,2.5083332,15.0,-8.1,1172.0,156.0,35.815735,0,314.0,12.0,50.0
46.81469361369049,11.676280030122694,1222.0,30.0,7.6875,22.4,-5.1,830.0,116.0,43.3039,0,182.0,14.0,52.0
46.26137506710579,12.34737875264462,878.0,18.0,8.6125,23.7,-5.1,952.0,110.0,31.25959,0,300.0,19.0,38.0
46.57853250278983,11.582615032555577,1077.0,29.0,7.4416666,22.3,-5.0,705.0,98.0,45.879642,0,305.0,16.0,42.0
46.924581129493625,11.41056697719628,1849.0,14.0,4.4,17.8,-6.6,861.0,118.0,42.638382,0,130.0,13.0,46.0
46.75075299990544,11.983310510558171,1793.0,10.0,3.4083333,16.3,-7.2,1024.0,142.0,41.015617,0,69.0,11.0,46.0
46.397112346963645,12.206596829108742,1595.0,26.0,4.9041667,18.1,-6.3,1007.0,135.0,41.80293,0,177.0,13.0,42.0
46.417112376219166,12.063797103784337,1837.0,9.0,3.7666667,16.6,-7.2,1095.0,148.0,41.608162,0,276.0,16.0,38.0
46.952921335903646,11.839078682922525,1939.0,29.0,1.7833333,14.4,-9.0,1148.0,154.0,36.55409,0,107.0,15.0,46.0
46.52619097716583,11.683340451492873,1821.0,12.0,3.6208334,17.1,-7.5,858.0,122.0,45.733315,0,20.0,12.0,45.0
46.909429323232665,10.838936375263232,2902.0,23.0,-4.108333,6.6,-14.1,1104.0,116.0,14.3532,0,237.0,16.0,49.0
46.69058997883067,11.60924880107908,1206.0,23.0,7.6291666,22.3,-5.0,763.0,107.0,44.76204,0,128.0,14.0,49.0
46.35959657803369,11.609309484152648,1435.0,35.0,4.7374997,18.3,-6.3,750.0,107.0,49.67953,0,68.0,10.0,48.0
46.54704051664272,11.08422058255772,1819.0,46.0,3.6166668,16.2,-6.6,403.0,57.0,45.309826,0,320.0,12.0,52.0
46.69775096664611,10.517403876233208,1301.0,35.0,7.2625,22.3,-5.9,614.0,84.0,39.899956,0,121.0,14.0,49.0
46.418095877715935,11.242253789038914,474.0,7.0,10.845834,26.7,-3.2,785.0,93.0,32.933647,0,105.0,18.0,46.0
46.36455803064009,10.637953108560108,2206.0,46.0,0.32916668,13.0,-10.9,325.0,42.0,36.486343,0,170.0,16.0,45.0
46.762198394299176,11.339711782866662,2264.0,32.0,1.275,13.4,-8.8,797.0,102.0,32.80685,0,155.0,17.0,43.0
46.42739669488616,11.306258174252186,417.0,24.0,10.766666,26.7,-3.2,761.0,89.0,33.442577,0,88.0,18.0,44.0
46.36285592159384,10.8128784530869,2627.0,55.0,-0.9875001,9.9,-10.3,504.0,59.0,23.591656,0,339.0,17.0,46.0
46.51336434073112,11.632847194302506,2137.0,16.0,2.1041667,15.1,-8.6,839.0,114.0,41.038498,0,286.0,17.0,42.0
46.901299838174126,11.388056322740573,1596.0,15.0,4.2083335,17.4,-6.6,850.0,117.0,41.98143,0,175.0,14.0,47.0
46.91725354596923,11.33520719450942,1938.0,38.0,1.2333333,13.0,-8.9,981.0,123.0,30.020267,0,235.0,14.0,46.0
46.31852652323789,10.885431445161355,1010.0,14.0,8.025,23.1,-4.9,579.0,73.0,40.397465,0,311.0,18.0,44.0
46.32732178555006,12.345589983710978,1265.0,37.0,6.85,21.1,-5.7,932.0,115.0,36.27322,0,334.0,15.0,41.0
46.73880994323738,10.597188233502893,2265.0,24.0,0.77500004,13.3,-10.4,669.0,79.0,24.243998,0,144.0,18.0,45.0
46.4810713356507,12.246822711425366,2473.0,37.0,0.5708333,12.2,-9.5,1326.0,158.0,29.422956,0,57.0,19.0,40.0
46.77717456867609,11.593825965216675,1404.0,41.0,5.775,19.7,-5.6,799.0,116.0,49.468285,0,330.0,14.0,47.0
46.9975583991282,12.34547244313497,2143.0,35.0,0.7374999,12.9,-9.8,1337.0,170.0,29.557673,0,301.0,17.0,43.0
46.48662214239559,10.533016861699336,2927.0,13.0,-4.4875,6.3,-14.0,875.0,92.0,13.546673,0,186.0,,
46.618509760672126,11.464659360551895,2109.0,16.0,1.9541667,14.3,-8.3,736.0,99.0,38.315865,0,48.0,18.0,43.0
46.32952689323755,11.495792185483223,1797.0,34.0,4.795833,18.0,-6.0,637.0,90.0,49.59791,0,214.0,20.0,39.0
46.790284782182,11.076332892445938,1750.0,18.0,2.7958333,16.3,-8.6,651.0,90.0,42.490154,0,108.0,15.0,45.0
46.37935411196802,10.804164432860825,2658.0,33.0,-1.0708334,10.0,-10.6,471.0,56.0,23.974014,0,89.0,16.0,47.0
46.416132824225606,10.792536952516768,1718.0,41.0,4.766667,19.2,-7.8,412.0,57.0,48.69739,0,201.0,12.0,49.0
