Latitude,Longitude,Elevation,Slope,BIO01_Historical_Mean,BIO05_Historical_Max,BIO06_Historical_Min,BIO12_Historical_Prec,BIO13_Historical_Prec,BIO15_Historical_Prec,Aspect,Soil_Clay,Soil_Sand,Landslide_Probability,Risk_Class
46.70025318766257,12.370473526391768,1615.0,23.0,8.075001,23.9,-2.8,1044.0,116.0,21.2,161.0,17.0,41.0,0.4898514611056392,MITTEL
46.72475733759582,11.882005300940516,1232.0,36.0,10.445833,27.1,-1.0,756.0,97.0,33.6,76.0,12.0,44.0,0.7772203272697931,HOCH
46.52610318791323,11.734756064414018,2698.0,68.0,5.4916673,20.1,-4.3,928.0,105.0,21.3,79.0,15.0,48.0,0.38038601914410475,MITTEL
46.566466465786434,11.521634676710686,505.0,33.0,14.358334,32.2,1.2,735.0,83.0,23.8,322.0,13.0,49.0,0.6780676102413697,HOCH
46.75969287038833,11.870043963369994,994.0,26.0,11.791667,29.1,-0.7,738.0,92.0,30.2,234.0,12.0,45.0,0.8278839856547758,HOCH
46.94767585473534,11.378002835421038,1467.0,19.0,9.170834,25.6,-1.2,829.0,109.0,32.1,54.0,12.0,53.0,0.7364542881311013,HOCH
46.9473952832723,11.3779352366532,1472.0,19.0,9.170834,25.6,-1.2,829.0,109.0,32.1,58.0,12.0,53.0,0.7364542881311013,HOCH
46.94709615408428,11.378690394948324,1462.0,22.0,9.170834,25.6,-1.2,829.0,109.0,32.1,54.0,12.0,53.0,0.743267201280176,HOCH
46.946773040112575,11.379843171799802,1474.0,25.0,9.170834,25.6,-1.2,829.0,109.0,32.1,330.0,16.0,44.0,0.7599319172754472,HOCH
46.75993691280068,11.847925174873554,1444.0,34.0,10.316668,26.9,-1.0,762.0,98.0,33.4,41.0,11.0,47.0,0.7893891861099969,HOCH
46.56029869252121,11.626056480960663,1878.0,25.0,9.020833,25.0,-1.5,714.0,89.0,32.4,121.0,12.0,46.0,0.6079100390708778,HOCH
46.87445344187565,11.632217912804444,1841.0,42.0,8.349999,24.3,-2.0,889.0,110.0,29.9,254.0,11.0,57.0,0.4298651578183693,MITTEL
46.48011221071735,11.262021555596016,318.0,15.0,15.945834,34.1,2.1,784.0,92.0,21.8,107.0,16.0,48.0,0.7509866059629179,HOCH
46.68544408885043,11.857774480107144,1459.0,24.0,9.974999,26.4,-1.1,781.0,99.0,32.8,29.0,13.0,42.0,0.8203509665584919,HOCH
46.7067818047877,11.92565708488216,1186.0,18.0,10.929168,28.0,-1.2,731.0,90.0,30.9,252.0,19.0,43.0,0.825096436121429,HOCH
46.27249442627869,11.257424672285998,1162.0,62.0,13.554166,30.6,1.2,605.0,69.0,26.6,245.0,20.0,39.0,0.47035562515780294,MITTEL
46.708081720083406,11.92627983272834,1223.0,11.0,10.929168,28.0,-1.2,731.0,90.0,30.9,251.0,15.0,47.0,0.653710428001261,HOCH
46.55358509632782,11.758732545912777,1579.0,34.0,9.270833,25.7,-1.8,781.0,98.0,32.9,47.0,12.0,47.0,0.7848922758602684,HOCH
46.65523772300796,11.90360360247025,1347.0,33.0,10.595834,27.5,-1.2,734.0,92.0,32.8,104.0,19.0,42.0,0.7923961993612862,HOCH
46.42706997495975,11.347703441683286,440.0,35.0,15.8625,34.1,2.1,789.0,95.0,21.7,309.0,17.0,48.0,0.832728056822117,HOCH
46.602179328322414,11.200975361133583,320.0,33.0,15.016666,33.1,1.6,722.0,79.0,22.7,254.0,15.0,49.0,0.6476983583884344,HOCH
46.57658896543343,11.382062629554724,846.0,30.0,13.724999,31.1,1.1,708.0,81.0,25.5,286.0,17.0,44.0,0.6435185784171314,HOCH
46.593661967163,11.426217980144369,1631.0,16.0,8.937499,24.7,-1.4,619.0,79.0,34.9,286.0,11.0,52.0,0.42215539178798334,MITTEL
46.599732907509264,11.419727224932666,1641.0,35.0,9.541667,25.6,-0.9,611.0,79.0,35.8,170.0,15.0,46.0,0.5099773289734306,MITTEL
46.57947246653492,11.413999309044732,1552.0,18.0,9.799999,25.8,-0.7,589.0,76.0,35.4,273.0,11.0,47.0,0.46868542834072086,MITTEL
46.56895393793644,11.404111130242566,1379.0,16.0,10.541667,26.8,-0.1,585.0,76.0,36.4,199.0,13.0,48.0,0.392302941956889,MITTEL
46.563171896007695,11.388440045121506,1168.0,26.0,12.216667,29.1,0.6,620.0,78.0,33.3,229.0,14.0,49.0,0.570909895574234,MITTEL
46.55797584744096,11.38475725050779,942.0,23.0,13.400001,30.7,1.0,673.0,79.0,27.5,210.0,17.0,51.0,0.6030552072945936,HOCH
46.29067917124432,11.209115251713408,282.0,29.0,16.2125,34.0,2.5,805.0,91.0,18.1,102.0,25.0,35.0,0.7891980802029214,HOCH
46.59823943319239,11.547703792171662,590.0,37.0,13.837501,31.6,0.9,722.0,83.0,24.9,9.0,15.0,52.0,0.6640944155551775,HOCH
46.81995606438851,11.76253150038226,1055.0,8.0,11.820835,29.0,-0.3,775.0,95.0,29.3,331.0,11.0,60.0,0.5780578659639733,MITTEL
46.62033102857871,11.556723197137508,848.0,26.0,13.608335,31.3,0.7,721.0,84.0,26.2,327.0,15.0,46.0,0.6921986634209336,HOCH
46.31551177362087,11.301302511742763,571.0,19.0,14.429168,31.8,1.6,707.0,79.0,22.0,242.0,22.0,38.0,0.6253576552865286,HOCH
46.56778460464475,11.540068770566688,863.0,28.0,13.283333,30.9,0.7,685.0,81.0,28.1,333.0,14.0,48.0,0.6173305869914824,HOCH
46.577920496571245,11.38305556409154,846.0,16.0,13.724999,31.1,1.1,708.0,81.0,25.5,263.0,14.0,46.0,0.564190930469326,MITTEL
46.84585337775442,11.977607920007484,1359.0,27.0,9.975,26.5,-1.4,820.0,101.0,29.8,175.0,14.0,48.0,0.7612879908491609,HOCH
46.56351540398156,11.535036509633755,715.0,30.0,13.316667,30.9,0.7,684.0,80.0,27.6,351.0,18.0,43.0,0.6198732134801503,HOCH
46.577628994736166,11.43701524099499,1553.0,12.0,9.537499,25.6,-1.0,611.0,79.0,35.1,128.0,13.0,47.0,0.3930026828209134,MITTEL
46.59309452609384,11.405581659695024,1433.0,33.0,10.791667,27.2,-0.2,615.0,80.0,35.9,21.0,15.0,47.0,0.5122518692238192,MITTEL
46.59887056218217,11.411622135332376,1546.0,21.0,10.029166,26.2,-0.5,611.0,79.0,35.6,194.0,11.0,53.0,0.5036951116681638,MITTEL
46.83778337652303,11.774752995740135,1351.0,24.0,10.299999,26.9,-0.8,811.0,102.0,31.1,105.0,13.0,55.0,0.7489789946920532,HOCH
46.72101069462556,11.328381045912938,1325.0,24.0,10.366667,26.9,-0.5,680.0,89.0,35.2,137.0,12.0,46.0,0.7917003311260785,HOCH
46.72111417785404,11.32990261030352,1280.0,20.0,10.366667,26.9,-0.5,680.0,89.0,35.2,129.0,12.0,46.0,0.774115159165107,HOCH
46.59728364257735,11.432862241925898,1683.0,19.0,8.937499,24.7,-1.4,619.0,79.0,34.9,224.0,9.0,51.0,0.41061668337175944,MITTEL
46.59965871775758,11.43278984344614,1749.0,25.0,8.937499,24.7,-1.4,619.0,79.0,34.9,139.0,10.0,51.0,0.44236267831431136,MITTEL
46.605993225706406,11.436878943488692,1908.0,12.0,7.625,22.8,-2.3,647.0,80.0,30.0,279.0,12.0,48.0,0.31495641275662495,MITTEL
46.60144960649895,11.45015609788701,1934.0,10.0,7.1083336,22.1,-2.6,672.0,81.0,27.5,196.0,15.0,46.0,0.3014407998973405,MITTEL
46.83717751481528,11.746833948494643,1217.0,17.0,11.0041685,27.7,-0.4,782.0,100.0,32.4,261.0,11.0,57.0,0.8305009031315562,HOCH
46.80178212056506,11.79549913232638,1106.0,23.0,12.104167,29.5,-0.5,760.0,92.0,27.8,50.0,15.0,45.0,0.7703952116946178,HOCH
46.651279591892994,11.056340299887038,669.0,26.0,14.399999,32.1,1.5,704.0,78.0,22.1,312.0,16.0,46.0,0.6490004921333148,HOCH
46.70221017921288,11.620871683956446,1073.0,19.0,11.900001,28.9,0.1,719.0,91.0,31.8,224.0,16.0,49.0,0.8264484399244502,HOCH
46.62652354124516,10.943841935189424,758.0,34.0,13.9875,31.7,1.2,654.0,74.0,22.9,335.0,17.0,45.0,0.6097779038593517,HOCH
46.52151048099524,11.264253569060376,347.0,33.0,15.808333,33.9,2.1,788.0,93.0,21.7,213.0,18.0,42.0,0.8093453759692574,HOCH
46.64861464532045,11.854056145315123,1708.0,16.0,8.804167,24.8,-1.9,897.0,108.0,28.7,146.0,16.0,43.0,0.4739809420145896,MITTEL
46.64787034984689,11.852191378140448,1728.0,9.0,8.804167,24.8,-1.9,897.0,108.0,28.7,96.0,17.0,43.0,0.42618962173138336,MITTEL
46.58106323102008,11.912079676236733,1457.0,22.0,9.333333,26.0,-2.1,806.0,102.0,33.2,35.0,15.0,41.0,0.7762719431280343,HOCH
46.672142602768986,11.169187763553072,349.0,13.0,15.549999,33.6,2.1,764.0,83.0,21.4,142.0,16.0,47.0,0.5702931772445695,MITTEL
46.65029430118548,11.135805778161394,495.0,29.0,14.9375,32.7,1.9,735.0,80.0,22.3,103.0,16.0,47.0,0.6610018620931052,HOCH
46.76298064219909,12.066583086650136,1122.0,27.0,11.079167,28.3,-1.2,706.0,88.0,30.0,146.0,12.0,47.0,0.7789216039852523,HOCH
46.56474211054189,11.336796933951172,808.0,8.0,13.429168,30.7,1.1,671.0,78.0,27.3,241.0,16.0,50.0,0.4029346359259651,MITTEL
46.721186155253,11.328648971632836,1318.0,22.0,10.366667,26.9,-0.5,680.0,89.0,35.2,132.0,12.0,46.0,0.7914848297541274,HOCH
46.60242389448595,11.915646191873424,1658.0,18.0,9.004167,25.5,-2.3,840.0,105.0,31.9,238.0,13.0,45.0,0.648991344816491,HOCH
46.63163640711229,10.715930680815411,1123.0,22.0,12.370833,29.5,0.3,539.0,63.0,27.2,173.0,16.0,48.0,0.5090725706839672,MITTEL
46.46832642739838,11.2306621940898,897.0,26.0,13.133334,30.3,0.8,610.0,73.0,29.9,107.0,23.0,40.0,0.5321382252995394,MITTEL
46.72296137453804,11.955631857260682,1686.0,26.0,8.6875,24.7,-1.9,893.0,107.0,27.9,191.0,12.0,48.0,0.4800850110245755,MITTEL
46.72296708943532,11.951003130370454,1639.0,28.0,8.6875,24.7,-1.9,893.0,107.0,27.9,188.0,11.0,49.0,0.5902704827899039,MITTEL
46.50540291235454,11.502401596184503,812.0,20.0,13.566667,31.2,0.9,685.0,79.0,26.4,41.0,18.0,44.0,0.600701787901164,HOCH
46.75554984880892,12.239903279222483,1448.0,26.0,9.541667,26.3,-2.0,846.0,100.0,27.7,102.0,13.0,46.0,0.7501739202208267,HOCH
46.758055890427954,12.24458847920171,1478.0,27.0,9.329166,26.0,-2.0,873.0,103.0,27.1,166.0,13.0,48.0,0.7139127762847248,HOCH
46.76013471607765,12.23768784317942,1545.0,21.0,9.025001,25.4,-2.0,915.0,107.0,25.5,39.0,12.0,47.0,0.676902172431606,HOCH
46.74363326221582,12.228961150062972,1370.0,20.0,10.033333,27.1,-1.9,775.0,94.0,28.5,153.0,17.0,43.0,0.7821711209467452,HOCH
46.63204000438768,10.714924020369716,1144.0,22.0,12.370833,29.5,0.3,539.0,63.0,27.2,187.0,16.0,48.0,0.49266809141012885,MITTEL
46.759081908167865,12.26130706815689,1539.0,26.0,8.658333,24.9,-2.3,955.0,111.0,24.7,209.0,9.0,51.0,0.5960689180036819,MITTEL
46.7613255142583,12.240269943451406,1477.0,10.0,9.025001,25.4,-2.0,915.0,107.0,25.5,147.0,13.0,44.0,0.5289747271203518,MITTEL
46.741654780876345,12.22789888865138,1314.0,18.0,10.366667,27.7,-1.9,729.0,89.0,29.6,159.0,16.0,41.0,0.7605452489427036,HOCH
46.743625325976645,12.220102462111294,1434.0,28.0,9.5,26.2,-2.0,845.0,100.0,26.7,170.0,17.0,45.0,0.7591445448844875,HOCH
46.76034609015564,11.783954816123524,1804.0,19.0,8.2625,23.7,-1.8,905.0,108.0,26.2,229.0,12.0,47.0,0.41075165107093825,MITTEL
46.686077656924304,11.892476423846905,1156.0,36.0,11.4416685,28.7,-0.8,728.0,91.0,31.6,57.0,17.0,38.0,0.7671243354866039,HOCH
46.68471838140809,11.89388406720843,1143.0,25.0,11.4416685,28.7,-0.8,728.0,91.0,31.6,70.0,18.0,39.0,0.788139331957664,HOCH
46.95368408625623,11.362479254241515,1362.0,21.0,9.654167,26.3,-1.1,833.0,107.0,31.8,35.0,10.0,52.0,0.7059567360373801,HOCH
46.788499996499816,11.950766690415678,877.0,9.0,12.295834,30.0,-0.7,764.0,91.0,27.0,71.0,13.0,48.0,0.6180760773061965,HOCH
46.9189940225061,11.798804122252683,1422.0,35.0,8.549999,25.3,-2.4,912.0,114.0,29.8,61.0,12.0,46.0,0.6196938274562426,HOCH
46.92023130520921,11.790426888456318,1583.0,21.0,7.7625003,24.1,-2.8,961.0,117.0,27.5,120.0,14.0,46.0,0.5463067990659713,MITTEL
46.92170271868026,11.790269396827457,1575.0,27.0,7.7625003,24.1,-2.8,961.0,117.0,27.5,62.0,14.0,44.0,0.5481066944743337,MITTEL
46.835484134011736,11.478829872683807,1336.0,28.0,9.833333,26.6,-0.9,764.0,100.0,34.1,159.0,11.0,49.0,0.8484473259704286,HOCH
47.02531923200996,12.041348479971282,1444.0,22.0,7.825001,24.1,-2.7,1047.0,122.0,23.4,197.0,12.0,49.0,0.5410677811843684,MITTEL
46.89561728436122,11.86658447423014,1467.0,30.0,9.525,26.2,-1.5,863.0,108.0,30.2,178.0,14.0,49.0,0.7081364324749112,HOCH
46.60366455436444,11.613648663238902,1194.0,25.0,11.587501,28.4,0.0,669.0,83.0,32.7,156.0,14.0,51.0,0.671336766154047,HOCH
46.58786135945356,11.208976376164053,444.0,32.0,14.6875,32.6,1.5,705.0,78.0,23.6,255.0,17.0,50.0,0.6428940859367676,HOCH
46.70418478455445,11.872162419463695,1367.0,38.0,10.383333,27.0,-1.0,767.0,98.0,33.1,155.0,13.0,47.0,0.7975757665151358,HOCH
46.72314481161225,11.954156204614048,1680.0,26.0,8.6875,24.7,-1.9,893.0,107.0,27.9,172.0,12.0,47.0,0.5448040185764311,MITTEL
46.54268073532477,11.326379904082538,1166.0,17.0,12.070834,28.8,0.7,587.0,73.0,33.8,112.0,16.0,44.0,0.4629600112806428,MITTEL
46.866192728605895,11.513296249032315,1200.0,35.0,11.783333,28.7,-0.0,782.0,96.0,29.6,228.0,18.0,41.0,0.7860870993856698,HOCH
46.61713294732987,11.866765119131644,1839.0,12.0,8.962501,25.1,-1.9,855.0,107.0,31.7,67.0,15.0,41.0,0.46782138175829785,MITTEL
46.60975414430544,10.781621323699676,981.0,18.0,13.224999,30.6,0.8,574.0,67.0,25.9,12.0,16.0,45.0,0.49909741835717525,MITTEL
46.72649965208715,11.21345889358257,874.0,32.0,13.216666,30.5,0.9,699.0,84.0,27.0,265.0,14.0,47.0,0.6563782746744233,HOCH
46.54774589060285,11.69544092799202,1523.0,30.0,9.470834,26.0,-1.5,735.0,93.0,33.9,101.0,13.0,46.0,0.8216705613894324,HOCH
46.74039941434829,11.43577304101998,1669.0,27.0,8.9125,25.2,-1.6,699.0,90.0,33.3,118.0,14.0,45.0,0.6911669383820532,HOCH
46.56569779003112,11.52480224307359,602.0,21.0,14.358334,32.2,1.2,735.0,83.0,23.8,7.0,16.0,47.0,0.6658653059534761,HOCH
46.25263267528175,11.253602783375406,667.0,36.0,14.291667,31.6,1.6,678.0,75.0,22.6,314.0,19.0,39.0,0.6045698109923369,HOCH
46.91499097215181,11.69023325235342,1541.0,35.0,9.004167,25.6,-1.7,884.0,111.0,30.4,229.0,13.0,47.0,0.679374901684749,HOCH
46.88300081672436,11.719059773228317,1209.0,31.0,11.137501,28.3,-0.8,826.0,102.0,30.4,205.0,12.0,49.0,0.7633050808703112,HOCH
46.8920815335991,11.407146326332382,1170.0,24.0,10.258333,26.8,-0.5,781.0,102.0,32.9,174.0,14.0,48.0,0.8446050358978519,HOCH
46.439694016427765,11.479957914985633,1203.0,21.0,12.3125,29.3,0.4,611.0,74.0,31.7,295.0,14.0,47.0,0.48638292918247533,MITTEL
46.87713260842906,11.492272443680095,1147.0,31.0,10.712501,27.3,-0.3,797.0,103.0,32.4,223.0,13.0,48.0,0.8126094495186004,HOCH
46.89012953717707,11.455083352876368,1070.0,29.0,11.770835,28.7,0.0,792.0,98.0,29.7,313.0,15.0,45.0,0.833783591631107,HOCH
46.48512789628533,11.438533921734685,737.0,21.0,14.570834,32.4,1.4,733.0,81.0,21.9,334.0,16.0,47.0,0.6493764535944826,HOCH
46.53931421594158,11.388833833101238,1017.0,27.0,13.033333,30.3,0.9,635.0,76.0,30.1,292.0,16.0,45.0,0.6292735985415223,HOCH
46.87557337934325,11.49720301415909,1218.0,32.0,10.712501,27.3,-0.3,797.0,103.0,32.4,176.0,12.0,51.0,0.7902362057338127,HOCH
46.48833504854909,11.24696177673015,464.0,22.0,15.1833315,33.1,1.7,734.0,82.0,22.6,40.0,15.0,48.0,0.6491466486203651,HOCH
46.48020445847947,11.26211888112004,318.0,15.0,15.945834,34.1,2.1,784.0,92.0,21.8,107.0,16.0,48.0,0.7509866059629179,HOCH
46.65019664168008,11.361238427619169,1011.0,32.0,11.941667,29.1,0.1,673.0,84.0,32.0,272.0,12.0,49.0,0.6742722670698139,HOCH
46.87631852966007,11.424746909111176,1331.0,29.0,11.049999,27.8,-0.3,781.0,99.0,31.0,0.0,13.0,43.0,0.755972290276115,HOCH
46.86259739826822,11.484053217456225,990.0,30.0,11.812501,28.9,-0.0,778.0,96.0,29.8,17.0,12.0,48.0,0.789029128634371,HOCH
46.74019373594007,11.437264466866798,1622.0,26.0,8.9125,25.2,-1.6,699.0,90.0,33.3,154.0,14.0,45.0,0.7302227188938585,HOCH
46.56460914288428,11.52396537711623,660.0,17.0,14.358334,32.2,1.2,735.0,83.0,23.8,356.0,16.0,47.0,0.6210071343951861,HOCH
46.26870126445248,11.241097905787203,226.0,28.0,16.125,33.9,2.6,814.0,92.0,17.7,292.0,13.0,51.0,0.8294385654437123,HOCH
46.92747877937543,11.98977417877497,1436.0,23.0,9.0,25.4,-2.0,902.0,110.0,27.8,193.0,13.0,56.0,0.6902510381885789,HOCH
46.9021462855348,11.878095559361151,1542.0,21.0,8.629167,24.7,-1.7,957.0,114.0,26.7,242.0,16.0,45.0,0.5992734744110919,MITTEL
46.89989438416883,11.852021483227515,1579.0,34.0,9.637499,26.4,-1.5,856.0,107.0,30.2,178.0,15.0,47.0,0.6833964725063408,HOCH
46.89643407515389,11.865901557067136,1500.0,33.0,9.525,26.2,-1.5,863.0,108.0,30.2,178.0,14.0,49.0,0.7001910795198624,HOCH
46.89646703882785,11.867395073291538,1495.0,21.0,9.783334,26.6,-1.4,855.0,107.0,30.2,173.0,14.0,49.0,0.7148981213588361,HOCH
46.89637252373677,11.844160396863264,1421.0,33.0,9.825,26.7,-1.5,849.0,106.0,30.4,195.0,14.0,48.0,0.7012665155791998,HOCH
46.67603277951456,11.895321555901058,1284.0,35.0,11.133332,28.2,-0.9,726.0,91.0,32.4,62.0,19.0,39.0,0.7549089950985883,HOCH
46.24790657535332,11.230960311297313,235.0,23.0,16.079168,33.8,2.5,807.0,91.0,17.0,299.0,20.0,48.0,0.8245806117923901,HOCH
46.560657823103696,11.339124968962542,840.0,11.0,13.429168,30.7,1.1,671.0,78.0,27.3,71.0,14.0,57.0,0.480143258613959,MITTEL
46.74787409260564,11.197447381450196,794.0,23.0,12.975001,30.3,0.6,711.0,85.0,27.1,117.0,14.0,51.0,0.690084667217448,HOCH
46.56973848954456,11.06542309194517,870.0,36.0,12.558334,29.5,0.8,596.0,71.0,30.1,207.0,14.0,47.0,0.4950354664629311,MITTEL
46.64849782638517,11.22636687849305,1265.0,19.0,11.254167,27.9,0.1,583.0,74.0,34.4,356.0,16.0,48.0,0.4722538621186185,MITTEL
46.66144823083201,11.550094220510193,812.0,24.0,12.912499,30.5,0.3,740.0,89.0,28.4,186.0,15.0,49.0,0.8054385672705406,HOCH
46.468636679615486,11.576134001648716,1341.0,24.0,10.404166,26.8,-0.6,652.0,83.0,35.2,183.0,10.0,51.0,0.6560651137676567,HOCH
46.44344118495835,11.54741290211031,1426.0,25.0,10.329165,26.5,-0.4,623.0,79.0,36.3,207.0,12.0,46.0,0.5530669648507929,MITTEL
46.63950116804336,11.82720584631784,2123.0,43.0,7.6666665,23.2,-2.7,955.0,113.0,26.6,104.0,17.0,43.0,0.3640180138633276,MITTEL
46.42571258112106,11.518282439974453,1066.0,49.0,11.929168,28.7,0.3,627.0,78.0,32.8,319.0,13.0,50.0,0.6361185659099261,HOCH
46.52595188593724,11.254519342555655,316.0,44.0,15.720833,33.8,2.0,786.0,93.0,22.5,297.0,17.0,48.0,0.8215613527705572,HOCH
46.53001328128115,11.260522868319416,577.0,30.0,14.724999,32.5,1.5,713.0,78.0,23.6,234.0,17.0,47.0,0.6417485835249793,HOCH
46.54784487281458,11.526224242529624,777.0,29.0,13.662499,31.4,0.8,696.0,80.0,26.4,234.0,15.0,49.0,0.621207461376061,HOCH
46.57324028392899,11.530836104275089,831.0,30.0,14.195834,32.0,1.1,734.0,82.0,23.9,245.0,15.0,49.0,0.6328661248245911,HOCH
46.58330328739591,11.167226915109625,405.0,40.0,15.258334,33.1,1.9,750.0,85.0,21.7,81.0,18.0,46.0,0.6710065761661962,HOCH
46.39199813061816,11.482740839096952,1193.0,22.0,11.7,28.4,0.1,600.0,75.0,33.9,234.0,11.0,49.0,0.5030669320783794,MITTEL
46.38303068367002,11.272011655078606,278.0,18.0,16.320833,34.4,2.4,804.0,95.0,19.9,267.0,16.0,46.0,0.8178088209684787,HOCH
46.413875918142,11.494176214619394,1023.0,24.0,12.229167,29.1,0.3,616.0,76.0,32.4,242.0,12.0,50.0,0.5256073561989216,MITTEL
46.66155396550288,11.187660233289549,435.0,35.0,15.329167,33.4,2.0,752.0,82.0,22.0,301.0,15.0,47.0,0.6508817439912692,HOCH
46.38311065436588,11.282819980970345,310.0,37.0,15.670834,33.6,2.0,757.0,88.0,21.1,163.0,18.0,42.0,0.7761450514648387,HOCH
46.72428011180981,11.880097661211282,1330.0,40.0,10.445833,27.1,-1.0,756.0,97.0,33.6,71.0,12.0,48.0,0.7833543314649677,HOCH
46.480319154985,11.262216920293232,311.0,22.0,15.945834,34.1,2.1,784.0,92.0,21.8,92.0,16.0,48.0,0.8047128928676803,HOCH
46.68658413249887,10.607653928695283,1544.0,39.0,9.2,25.4,-1.9,480.0,55.0,24.9,152.0,16.0,47.0,0.5074655154019423,MITTEL
46.57910727148798,11.611715682593298,1391.0,17.0,10.587501,27.2,-0.4,661.0,84.0,34.2,342.0,15.0,42.0,0.5937784941901282,MITTEL
46.53716167219623,11.777808740454702,1946.0,19.0,7.3416667,22.8,-3.2,908.0,111.0,28.8,251.0,16.0,41.0,0.404097009309642,MITTEL
46.350618864502486,11.33670232844682,832.0,24.0,13.1375,30.3,0.9,600.0,71.0,28.5,164.0,20.0,40.0,0.5369684682607576,MITTEL
46.57215506266891,10.553655035937254,1418.0,37.0,9.6875,26.4,-1.8,447.0,54.0,32.8,239.0,12.0,50.0,0.48868284650447724,MITTEL
46.60912322891836,11.379946604604308,927.0,33.0,12.416667,29.5,0.5,665.0,81.0,30.5,252.0,14.0,51.0,0.625356134169769,HOCH
46.806483191776536,11.98692750772681,1376.0,32.0,10.724999,27.7,-1.1,747.0,94.0,30.9,142.0,12.0,47.0,0.7610945224838632,HOCH
46.601681612032486,11.585994101332837,1009.0,20.0,12.166665,29.3,0.2,669.0,83.0,31.7,215.0,17.0,47.0,0.643620394378001,HOCH
46.56545600844298,11.552435850506996,974.0,12.0,12.6125,30.1,0.4,666.0,81.0,30.4,270.0,16.0,45.0,0.5083657639046656,MITTEL
46.42576986456934,11.349238433020709,531.0,36.0,15.8625,34.1,2.1,789.0,95.0,21.7,292.0,16.0,46.0,0.8401013690284842,HOCH
46.31443709945472,11.278788704654216,287.0,25.0,15.616666,33.4,2.2,799.0,91.0,18.7,301.0,22.0,44.0,0.8261294630472255,HOCH
46.22945353763133,11.212943563568222,546.0,15.0,15.066667,32.6,1.9,709.0,79.0,20.1,284.0,22.0,38.0,0.5566017900151364,MITTEL
46.69561174491313,10.50051741685961,1633.0,36.0,9.591666,26.1,-1.8,516.0,60.0,26.1,173.0,14.0,49.0,0.47281425084593137,MITTEL
46.80109409501621,11.662994011523448,1030.0,31.0,11.650001,28.5,-0.0,764.0,97.0,31.3,162.0,12.0,59.0,0.8117569296608814,HOCH
46.58257215415532,11.170930925684006,297.0,21.0,15.258334,33.1,1.9,750.0,85.0,21.7,78.0,17.0,47.0,0.676454416459341,HOCH
46.52411707917843,10.93426944572017,1551.0,27.0,10.504167,27.1,-0.6,464.0,59.0,35.6,146.0,14.0,45.0,0.5440217791443993,MITTEL
46.59762968705877,11.570508785365918,801.0,28.0,13.583333,31.4,0.7,713.0,83.0,26.0,207.0,15.0,50.0,0.6680506955778871,HOCH
46.59691874403544,11.094513914729603,788.0,37.0,13.604168,30.9,1.3,666.0,76.0,25.3,61.0,15.0,48.0,0.6133925034453557,HOCH
46.43282911967888,11.472422927143343,866.0,46.0,12.4375,29.5,0.4,610.0,74.0,31.7,19.0,16.0,45.0,0.5317581150676635,MITTEL
46.84324955842111,11.968106683310827,1173.0,29.0,10.620832,27.5,-1.2,782.0,97.0,30.3,262.0,12.0,50.0,0.8403744605999529,HOCH
46.68640672813834,10.607550741604877,1532.0,38.0,9.2,25.4,-1.9,480.0,55.0,24.9,141.0,16.0,47.0,0.5064441699956028,MITTEL
46.754869616944674,11.874286525138874,1014.0,22.0,11.895833,29.2,-0.7,740.0,91.0,29.8,268.0,11.0,45.0,0.845631844119832,HOCH
46.439498128533565,11.47761402508884,1151.0,26.0,12.3125,29.3,0.4,611.0,74.0,31.7,287.0,14.0,47.0,0.4994041349382318,MITTEL
46.52901221123396,11.27997003803938,872.0,13.0,13.462499,30.8,1.0,630.0,75.0,29.0,174.0,18.0,47.0,0.5119503094436496,MITTEL
46.455476878802,11.25440447063902,468.0,18.0,15.441667,33.5,1.6,750.0,84.0,22.2,63.0,18.0,43.0,0.6669310666648115,HOCH
46.23927659586938,11.225513058209712,376.0,21.0,15.3083315,32.9,2.1,749.0,84.0,18.8,330.0,22.0,38.0,0.6905948715231833,HOCH
46.3156339924021,11.299530249305365,525.0,22.0,14.699998,32.2,1.8,729.0,81.0,20.6,230.0,23.0,37.0,0.6485880870681736,HOCH
46.322935119263136,11.303619659671783,678.0,28.0,14.1125,31.4,1.4,672.0,74.0,23.3,284.0,23.0,34.0,0.622122208277586,HOCH
46.33341453789939,11.307651372181276,574.0,21.0,15.1125,32.8,1.9,750.0,85.0,20.6,285.0,23.0,35.0,0.7026137978914363,HOCH
46.57356282312112,11.355977499842693,1151.0,34.0,12.262498,29.1,0.7,618.0,76.0,32.5,184.0,15.0,49.0,0.5633604482114543,MITTEL
46.542999464422834,11.328247680633824,1163.0,22.0,12.070834,28.8,0.7,587.0,73.0,33.8,194.0,15.0,47.0,0.5156622209610799,MITTEL
46.94452006902365,11.378661593727273,1560.0,19.0,9.170834,25.6,-1.2,829.0,109.0,32.1,340.0,17.0,41.0,0.7406249758040166,HOCH
46.623146051905536,11.51199615031822,1010.0,37.0,12.258332,29.4,0.2,689.0,85.0,31.1,150.0,14.0,51.0,0.6615546849499689,HOCH
46.48020777168455,11.50337838596804,897.0,22.0,13.141665,30.6,0.7,661.0,79.0,28.6,201.0,16.0,49.0,0.6114930788127684,HOCH
46.68193824552701,10.916725614609456,1884.0,43.0,8.6375,24.3,-1.6,469.0,58.0,30.8,103.0,12.0,50.0,0.3946341486211636,MITTEL
46.71520152862446,11.9028489381328,1168.0,48.0,10.9375,27.9,-1.0,729.0,92.0,32.0,58.0,11.0,48.0,0.7657206308586524,HOCH
46.278591685425845,11.28441497185749,1263.0,16.0,11.358333,27.5,0.4,481.0,60.0,36.0,204.0,20.0,39.0,0.38735782039471206,MITTEL
46.61926955856876,11.553090970041982,798.0,27.0,13.608335,31.3,0.7,721.0,84.0,26.2,303.0,15.0,45.0,0.7051991193263791,HOCH
46.43799841700511,11.47776059362148,1116.0,23.0,12.3125,29.3,0.4,611.0,74.0,31.7,207.0,16.0,44.0,0.49298227179419213,MITTEL
46.60710453296572,11.139770722003448,611.0,18.0,14.170833,31.6,1.6,676.0,76.0,24.2,51.0,14.0,56.0,0.5975289427167543,MITTEL
46.451371049023166,11.466460364625348,1268.0,34.0,11.766666,28.5,0.3,587.0,74.0,34.8,214.0,15.0,48.0,0.48160306145892623,MITTEL
46.5587549670059,10.56120267449884,1559.0,21.0,8.833333,25.3,-2.5,422.0,51.0,32.1,263.0,11.0,49.0,0.46962938883794864,MITTEL
46.98609443925796,11.200891000363136,2547.0,41.0,2.8541667,16.8,-6.0,1064.0,106.0,12.3,33.0,15.0,50.0,0.12455737328672271,NIEDRIG
46.35362342124306,11.61998250690712,1298.0,39.0,10.570834,27.0,-0.7,666.0,85.0,35.8,91.0,13.0,46.0,0.6261001212529143,HOCH
46.59495397592836,10.687466121493449,1787.0,25.0,8.641666,24.3,-1.9,388.0,47.0,30.6,357.0,14.0,48.0,0.3563978427440996,MITTEL
46.24583603047749,11.824582059701507,1683.0,34.0,9.500001,25.5,-1.8,818.0,100.0,32.2,275.0,13.0,46.0,0.5861601633184388,MITTEL
46.37416179141298,10.897582234165078,1253.0,25.0,11.745833,28.9,-0.5,511.0,61.0,31.1,208.0,14.0,51.0,0.4612427952621002,MITTEL
46.71624730492222,11.6551807383111,572.0,2.0,14.408333,32.4,1.0,784.0,88.0,22.6,216.0,15.0,45.0,0.4349345480000676,MITTEL
46.46123281951834,11.308235643451416,238.0,1.0,16.470833,35.0,2.5,807.0,97.0,21.6,90.0,17.0,44.0,0.41805948558202555,MITTEL
46.46196144119681,10.761364813828123,2454.0,14.0,2.7375,17.4,-6.9,486.0,50.0,12.2,220.0,18.0,42.0,0.19831280847218666,NIEDRIG
46.53384191588461,11.656872113061226,1797.0,10.0,8.129167,24.2,-2.5,778.0,96.0,30.1,129.0,17.0,43.0,0.466009420145108,MITTEL
46.77088696922051,12.10856823426976,1285.0,19.0,10.716667,27.9,-1.5,720.0,90.0,30.4,109.0,14.0,47.0,0.7584157837933351,HOCH
46.979319592164224,10.52532231202321,1375.0,35.0,9.400001,25.8,-1.4,759.0,85.0,20.6,226.0,9.0,51.0,0.6197153754674755,HOCH
46.47188518655179,12.01218497689958,2164.0,19.0,6.8333325,21.8,-3.7,1080.0,121.0,23.0,259.0,17.0,43.0,0.33497288562104593,MITTEL
46.77323953248494,10.951224459607786,3048.0,38.0,-0.04583331,13.3,-8.8,1132.0,124.0,15.7,164.0,19.0,40.0,0.027734591059170068,NIEDRIG
46.54068525962174,10.824701709863394,2524.0,36.0,2.5291665,16.5,-6.5,631.0,60.0,11.4,309.0,15.0,47.0,0.10598567723285743,NIEDRIG
46.47753368964874,11.73940501018854,1447.0,9.0,9.354167,25.8,-1.8,755.0,95.0,34.4,60.0,13.0,47.0,0.6331170668300619,HOCH
46.681266753230766,10.889359199766256,2645.0,39.0,3.2749996,17.3,-5.6,731.0,72.0,12.2,75.0,18.0,47.0,0.1316257051829863,NIEDRIG
46.84635516033129,12.31359811525641,2251.0,28.0,4.7250004,19.7,-5.3,1276.0,129.0,12.9,39.0,15.0,44.0,0.27604996704458573,NIEDRIG
46.96694953930842,11.239431014854278,2979.0,25.0,0.020833453,13.2,-8.3,1375.0,152.0,15.9,244.0,20.0,44.0,0.02395547108045868,NIEDRIG
46.68345032742559,11.11113432249941,412.0,6.0,14.749999,32.4,1.7,740.0,83.0,22.6,117.0,19.0,44.0,0.3666683761878008,MITTEL
46.488372787226666,10.585090462075447,2547.0,7.0,2.1499999,16.5,-7.4,587.0,59.0,10.1,90.0,16.0,46.0,0.10414346460860295,NIEDRIG
46.658975991325846,11.89797322258725,1541.0,3.0,10.1375,26.8,-1.3,764.0,97.0,33.0,90.0,17.0,40.0,0.4652638564753023,MITTEL
46.44911181827963,11.635644817016583,2048.0,19.0,6.9249997,21.9,-3.3,816.0,100.0,29.4,74.0,16.0,44.0,0.4529348821833844,MITTEL
46.28878583742991,12.000590562068878,975.0,18.0,12.745833,30.1,0.0,765.0,89.0,24.9,26.0,19.0,39.0,0.769592003478042,HOCH
46.38760453149945,11.944581241260146,1631.0,37.0,9.5625,25.5,-1.5,877.0,106.0,30.4,268.0,14.0,48.0,0.6299650166593017,HOCH
46.38770538563338,10.526846067366812,2995.0,25.0,0.20833333,14.1,-8.8,788.0,83.0,14.4,288.0,17.0,47.0,0.026484837695072365,NIEDRIG
46.2883831357987,11.94275911374598,1156.0,33.0,10.966667,27.6,-0.8,766.0,90.0,26.6,26.0,21.0,36.0,0.7494505235315995,HOCH
46.91636794498638,10.717187472624373,2700.0,38.0,2.5791667,17.4,-6.9,984.0,99.0,11.8,97.0,17.0,44.0,0.19820669906796076,NIEDRIG
46.761761345611525,11.193931273083797,1300.0,15.0,11.4375,28.3,0.1,682.0,85.0,31.9,38.0,16.0,46.0,0.518018968133598,MITTEL
46.73686365727773,11.864848947595284,1227.0,26.0,10.508334,27.2,-1.0,752.0,96.0,33.6,68.0,10.0,48.0,0.7989686206342055,HOCH
46.5342119007035,11.550017989958278,1059.0,29.0,12.495833,29.9,0.2,665.0,80.0,29.3,324.0,18.0,38.0,0.6187537462521147,HOCH
46.41726583965022,11.850119944391585,2470.0,18.0,4.579167,18.9,-5.2,1050.0,114.0,20.1,87.0,17.0,44.0,0.26442171981596563,NIEDRIG
46.64547866386194,11.423893509141278,2206.0,21.0,5.575001,20.5,-4.1,712.0,80.0,19.4,68.0,15.0,44.0,0.3769526284058245,MITTEL
46.57910638775461,10.70787838472773,2305.0,51.0,5.929167,21.0,-4.0,411.0,47.0,20.6,14.0,14.0,47.0,0.3383322183846906,MITTEL
46.60778439039109,12.1755560252858,2067.0,50.0,5.866667,20.6,-4.3,1138.0,125.0,19.1,301.0,16.0,45.0,0.28863906087891755,NIEDRIG
46.95175455959729,11.451522287932038,1244.0,26.0,10.145833,27.0,-0.8,840.0,108.0,31.0,128.0,20.0,38.0,0.6977696883079986,HOCH
46.391063000256246,11.50999656371568,1504.0,39.0,10.337501,26.5,-0.4,595.0,77.0,36.4,2.0,17.0,40.0,0.5088135857598852,MITTEL
46.460056778901766,10.644466469555196,2916.0,7.0,0.85416657,15.0,-8.3,690.0,70.0,12.4,68.0,,,0.0573028420385026,NIEDRIG
46.72635550568744,12.146953631672767,1325.0,16.0,10.558333,27.8,-1.6,696.0,88.0,31.6,302.0,16.0,40.0,0.6972162005581329,HOCH
46.92301912536469,11.684954641146897,1955.0,45.0,7.8333325,23.8,-2.3,948.0,113.0,26.3,139.0,15.0,46.0,0.36971684610152644,MITTEL
46.56093951650879,10.908991447002103,2198.0,22.0,4.866667,19.5,-4.5,428.0,46.0,16.1,173.0,15.0,46.0,0.3724732616207383,MITTEL
46.872067457390166,11.509063737258552,1255.0,39.0,10.779167,27.4,-0.3,791.0,101.0,32.2,170.0,13.0,53.0,0.7466871266300421,HOCH
46.95116718494444,11.16677873598475,3341.0,15.0,-1.6083336,11.1,-9.6,1497.0,174.0,19.6,154.0,,,0.01597264819636667,NIEDRIG
46.56937397440089,10.92674616663212,2524.0,21.0,3.4208336,17.4,-5.5,603.0,58.0,11.0,141.0,17.0,48.0,0.17890339643537329,NIEDRIG
46.472018485288864,11.159805703792456,1429.0,22.0,10.683333,26.9,-0.1,462.0,59.0,37.9,145.0,18.0,40.0,0.5276843452268812,MITTEL
46.56165663549361,11.455592455741598,1382.0,17.0,10.758334,27.3,-0.3,617.0,79.0,35.1,142.0,15.0,45.0,0.45773500486401847,MITTEL
46.49814987045324,10.724660392826546,2015.0,36.0,5.8583336,21.6,-4.7,326.0,39.0,25.9,310.0,14.0,48.0,0.25954512254211975,NIEDRIG
46.40356047514705,10.815214279350416,1484.0,33.0,9.516666,26.2,-2.0,383.0,48.0,36.5,30.0,10.0,50.0,0.5131524114534841,MITTEL
46.51885386362555,11.815132014162584,2740.0,26.0,2.4583333,16.2,-6.7,1089.0,104.0,9.6,242.0,17.0,42.0,0.1088398760380977,NIEDRIG
46.42983842933063,12.30025161613931,1177.0,41.0,10.908334,28.1,-1.7,831.0,94.0,26.0,43.0,21.0,37.0,0.7332907282456653,HOCH
47.02352096157448,10.77743347626783,2056.0,20.0,5.329167,20.3,-4.3,869.0,87.0,12.3,225.0,13.0,48.0,0.4362694255383806,MITTEL
46.62951852750294,11.64037596733822,1295.0,43.0,11.404167,28.2,-0.0,680.0,86.0,33.3,333.0,17.0,45.0,0.7027444408503078,HOCH
46.50408390605219,10.562320836771509,3231.0,48.0,-0.48333326,12.7,-8.9,915.0,99.0,15.4,116.0,15.0,49.0,0.04967043492662134,NIEDRIG
46.34477039562012,10.94848763792339,1397.0,15.0,10.704166,27.3,-0.6,405.0,52.0,37.5,328.0,18.0,43.0,0.386544410275802,MITTEL
46.76438316178408,10.953150150667003,2610.0,25.0,2.6041665,16.8,-6.7,807.0,82.0,12.3,204.0,20.0,43.0,0.12007118799994548,NIEDRIG
46.42218032505918,11.19175502538742,1407.0,18.0,10.870833,27.1,0.0,467.0,60.0,37.8,216.0,13.0,47.0,0.4608699999681328,MITTEL
46.73268405655634,11.188255732870854,865.0,30.0,13.091666,30.4,0.7,710.0,85.0,27.1,199.0,13.0,50.0,0.6607710763227799,HOCH
46.87922365732392,11.246301619639558,2324.0,37.0,5.329167,20.2,-4.0,853.0,93.0,17.7,167.0,14.0,46.0,0.416741415173151,MITTEL
46.48475138678288,12.062496421794163,2120.0,30.0,6.504167,21.5,-4.0,1106.0,127.0,24.5,77.0,17.0,39.0,0.35089711221491,MITTEL
46.912591863850416,11.80165682600894,1499.0,42.0,9.254167,26.3,-2.0,877.0,111.0,31.0,40.0,11.0,47.0,0.6762426187277261,HOCH
46.79543305407216,10.91235850932457,2817.0,35.0,0.5249999,14.3,-8.4,1025.0,109.0,13.7,323.0,,,0.02866064844868461,NIEDRIG
46.74292442846475,10.924054575474216,2307.0,55.0,3.2291667,17.4,-6.1,780.0,81.0,12.7,125.0,19.0,43.0,0.21333903116516204,NIEDRIG
46.54586747025967,12.259254641449076,1460.0,17.0,9.325,25.7,-2.2,864.0,102.0,28.5,207.0,11.0,51.0,0.6920664630373087,HOCH
46.33890173933568,12.252161382279857,1456.0,26.0,9.825,25.8,-1.3,949.0,108.0,24.5,305.0,16.0,45.0,0.6601871538115068,HOCH
46.783204471753926,11.513001363512275,2127.0,40.0,5.2791657,20.5,-4.4,876.0,97.0,19.6,122.0,15.0,44.0,0.39827512716183444,MITTEL
47.01112762819192,10.82767545167541,2634.0,29.0,2.2041667,16.2,-6.6,1171.0,125.0,13.8,208.0,20.0,41.0,0.09635410462927567,NIEDRIG
46.42193547906588,11.490940751773666,1119.0,13.0,12.724999,29.9,0.5,640.0,76.0,29.5,262.0,14.0,45.0,0.47839476612748066,MITTEL
46.93191352378753,11.54450167134401,1593.0,30.0,7.8458333,23.7,-2.2,876.0,106.0,26.5,245.0,11.0,47.0,0.47719849067597353,MITTEL
46.5073774582141,11.13448824594454,1470.0,8.0,10.229166,26.2,-0.3,467.0,59.0,37.1,224.0,20.0,36.0,0.29459770574065247,NIEDRIG
46.55138767910523,12.101806258197849,1692.0,35.0,8.608333,24.5,-2.3,938.0,112.0,28.1,350.0,18.0,41.0,0.41752173383193614,MITTEL
46.29641764929711,11.70108841609881,1528.0,16.0,9.183333,25.3,-2.1,720.0,89.0,34.2,267.0,13.0,51.0,0.7748860090613174,HOCH
46.76187833950062,11.969069965474093,1430.0,33.0,9.841667,26.4,-1.3,787.0,98.0,31.0,297.0,13.0,46.0,0.7903190099335915,HOCH
46.97767349262156,11.196669850665277,2867.0,32.0,0.79583335,14.1,-7.7,1267.0,138.0,15.0,0.0,,,0.08671133888594211,NIEDRIG
46.47248215838246,11.03143717819426,1304.0,32.0,11.158333,27.8,-0.2,500.0,62.0,35.1,253.0,19.0,40.0,0.4781740342542127,MITTEL
47.0209081166421,11.339050882698466,1625.0,34.0,7.9874997,23.6,-1.8,881.0,108.0,27.3,35.0,10.0,46.0,0.4801225889418477,MITTEL
46.41827194739267,11.83226130290029,2559.0,27.0,3.7166662,17.8,-5.9,1004.0,107.0,17.4,257.0,16.0,43.0,0.18435013743937986,NIEDRIG
46.74647407592275,11.896423580573304,1776.0,13.0,8.891666,24.7,-1.5,877.0,107.0,28.7,304.0,14.0,49.0,0.44977500627142136,MITTEL
46.661242694950246,11.0765775766913,830.0,38.0,13.254167,30.5,1.0,639.0,76.0,27.4,331.0,16.0,47.0,0.5961199534309188,MITTEL
46.4405190041372,11.188129829362122,1427.0,9.0,10.787499,27.0,-0.1,471.0,60.0,37.7,245.0,10.0,49.0,0.3205737548662122,MITTEL
46.95058647849459,11.41070387955298,1273.0,47.0,8.900001,25.3,-1.3,849.0,108.0,30.2,205.0,15.0,46.0,0.637058479588779,HOCH
46.62948515675595,11.986779669842534,2856.0,23.0,2.9958334,16.9,-6.3,1169.0,113.0,10.2,146.0,17.0,43.0,0.1470567748806882,NIEDRIG
46.38484073368778,11.421503887468884,1431.0,14.0,10.695832,27.0,-0.2,537.0,69.0,36.9,0.0,14.0,44.0,0.37321774732590834,MITTEL
46.84111931189471,11.570140163848873,1716.0,17.0,8.166666,23.4,-1.4,840.0,100.0,26.2,45.0,10.0,52.0,0.4462134064573599,MITTEL
46.97793226190171,10.831706613880211,2762.0,43.0,0.99166656,14.9,-7.7,1269.0,141.0,16.6,177.0,17.0,49.0,0.09015900154331266,NIEDRIG
46.52405014864042,12.211273672745753,2373.0,53.0,5.7958336,20.5,-4.4,1162.0,126.0,19.0,123.0,18.0,42.0,0.33768976896474656,MITTEL
46.49268635852387,12.28271994002515,1756.0,19.0,6.225,21.0,-4.0,1217.0,130.0,18.4,155.0,16.0,43.0,0.35471427564624897,MITTEL
46.99636561981459,12.308119501539023,2387.0,17.0,4.9416666,20.2,-5.1,1273.0,133.0,14.1,248.0,17.0,45.0,0.2546473783810698,NIEDRIG
46.38139307800234,11.072157425741446,654.0,15.0,14.529168,32.3,1.5,657.0,72.0,22.7,296.0,14.0,47.0,0.5230668361665928,MITTEL
46.3643470001648,11.093147656646774,824.0,10.0,13.662499,31.3,0.9,582.0,67.0,27.5,296.0,20.0,36.0,0.35806217756794134,MITTEL
46.90133381507904,11.238573136600191,2082.0,28.0,6.7000003,22.2,-3.1,796.0,93.0,25.3,324.0,15.0,48.0,0.40520005056313896,MITTEL
46.30679297532348,11.56650678467527,1728.0,53.0,8.675,23.9,-1.5,684.0,86.0,32.9,232.0,17.0,42.0,0.49215232018023825,MITTEL
46.34094159968889,12.351874662627912,1657.0,14.0,9.616666,25.7,-1.6,974.0,108.0,21.8,285.0,12.0,49.0,0.5101149160924632,MITTEL
46.48616062558444,11.05269785676095,1823.0,6.0,8.2375,23.6,-1.8,363.0,47.0,36.5,251.0,9.0,51.0,0.23454577756267886,NIEDRIG
46.51556021231981,11.814131821560409,2512.0,30.0,3.5749998,17.6,-5.9,1047.0,106.0,13.6,297.0,17.0,40.0,0.13748493906745396,NIEDRIG
46.5635427204338,11.05497837151207,881.0,23.0,12.583333,29.5,0.8,589.0,70.0,29.6,13.0,15.0,46.0,0.5222638623718938,MITTEL
46.95627036412641,12.121904596394687,2703.0,5.0,2.4708333,16.9,-6.9,1373.0,134.0,10.1,30.0,17.0,45.0,0.13014939490989985,NIEDRIG
46.78812489383083,11.715921440193029,1419.0,24.0,11.212501,28.1,-0.3,747.0,96.0,33.2,195.0,15.0,44.0,0.8128121126311091,HOCH
46.93508171052895,10.595452341648704,1695.0,14.0,7.9499993,23.9,-2.6,707.0,77.0,18.8,242.0,10.0,47.0,0.34906613073472625,MITTEL
46.30425053944183,11.2028410537848,542.0,17.0,14.983334,32.5,1.9,723.0,81.0,20.6,43.0,24.0,36.0,0.5897440845932532,MITTEL
46.60000702763364,10.567727891336306,1304.0,21.0,11.720833,28.7,-0.1,526.0,61.0,28.0,331.0,16.0,42.0,0.4425598829524418,MITTEL
46.89713193179326,12.336516784544369,2160.0,27.0,5.816667,21.3,-4.5,1205.0,130.0,16.5,77.0,17.0,42.0,0.3569917621432995,MITTEL
46.26036077051401,10.968476477374985,1794.0,22.0,8.520833,24.1,-2.0,260.0,35.0,42.1,305.0,17.0,43.0,0.3715799846415128,MITTEL
46.33057664076113,11.174058107362908,1573.0,29.0,10.366667,26.2,-0.1,391.0,51.0,39.5,60.0,18.0,44.0,0.521006064782284,MITTEL
46.44556522888381,12.048596118384513,1335.0,21.0,10.195833,27.1,-1.7,789.0,95.0,30.2,248.0,20.0,42.0,0.7976464463616401,HOCH
46.55683599891462,10.863999548999391,2702.0,25.0,1.4875002,15.1,-7.2,749.0,74.0,13.2,342.0,15.0,48.0,0.10066989850658682,NIEDRIG
46.33510106528031,10.759231627298943,1865.0,22.0,8.299999,23.9,-2.2,275.0,34.0,34.1,90.0,12.0,51.0,0.3852227948202377,MITTEL
46.2621377653802,11.83677889776268,2375.0,36.0,4.375,18.2,-5.3,970.0,104.0,17.9,158.0,22.0,45.0,0.2882070201561243,NIEDRIG
46.5788158321836,11.006961839765474,2104.0,35.0,6.7583337,21.6,-2.7,409.0,49.0,27.3,336.0,13.0,46.0,0.294458890145114,NIEDRIG
46.99559238662147,10.547922194390528,1922.0,41.0,6.308334,21.8,-3.8,871.0,88.0,12.4,92.0,14.0,46.0,0.4067974958951156,MITTEL
46.55492515670578,11.801958635621316,2303.0,23.0,5.7041664,20.5,-4.3,984.0,108.0,19.9,170.0,18.0,41.0,0.3872573208907031,MITTEL
46.58150650210621,12.211926918362447,2729.0,68.0,3.1125,16.7,-6.2,1276.0,122.0,10.4,288.0,20.0,38.0,0.15519648617205536,NIEDRIG
46.374990311397376,10.676056349169006,1912.0,21.0,7.9375014,24.1,-3.3,317.0,39.0,35.5,90.0,14.0,46.0,0.38965546369627296,MITTEL
46.98939805726439,11.023981517718822,1765.0,44.0,8.454165,24.4,-1.7,756.0,90.0,25.1,265.0,13.0,48.0,0.4828152177083083,MITTEL
46.71630109409895,11.537135164197217,1979.0,28.0,6.404167,21.3,-3.1,827.0,95.0,23.4,8.0,12.0,48.0,0.42131797467872045,MITTEL
46.67994313520534,10.589744481359826,1452.0,31.0,11.220834,27.9,-0.4,490.0,57.0,29.5,213.0,14.0,47.0,0.46777867363174847,MITTEL
46.24090882145418,11.91765638120764,2388.0,26.0,6.316666,20.5,-3.5,1091.0,120.0,21.7,332.0,16.0,42.0,0.3117347492706611,MITTEL
46.47729670734878,10.676586852327551,2313.0,15.0,4.0750003,19.5,-6.1,388.0,43.0,16.7,111.0,17.0,45.0,0.2912037668256555,NIEDRIG
46.30731638983179,11.387201665541712,1438.0,11.0,10.8625,27.0,0.0,506.0,64.0,36.3,75.0,12.0,47.0,0.3569030520175875,MITTEL
46.36729896409494,11.385888847321738,1454.0,12.0,10.241667,26.2,-0.4,507.0,65.0,36.2,147.0,15.0,44.0,0.37336560874863023,MITTEL
46.26770198670849,11.715565684530656,2450.0,16.0,5.4250007,19.6,-4.3,844.0,96.0,23.2,36.0,16.0,44.0,0.4197529680097112,MITTEL
46.43708982233114,12.158570824289937,1828.0,35.0,8.599999,24.3,-2.3,967.0,115.0,27.9,50.0,15.0,42.0,0.42738351600400026,MITTEL
46.62988242543324,11.670847989960729,1400.0,36.0,10.570833,27.1,-0.4,703.0,90.0,34.1,329.0,13.0,45.0,0.787847280163517,HOCH
46.98095099064548,12.26555328954411,2652.0,25.0,1.6791667,16.0,-7.6,1431.0,140.0,9.5,108.0,18.0,40.0,0.09822942626064879,NIEDRIG
46.68745369380349,12.258706701179106,2252.0,47.0,4.941667,19.2,-4.8,1221.0,126.0,14.1,355.0,16.0,44.0,0.19243879037668074,NIEDRIG
46.33172256048574,11.572688619438422,1800.0,32.0,8.487501,23.7,-1.9,708.0,90.0,34.4,13.0,14.0,42.0,0.4766276857111313,MITTEL
46.97873308140131,11.520796865504265,2241.0,12.0,5.4666667,20.1,-3.7,1039.0,110.0,15.6,13.0,17.0,43.0,0.3241273031601486,MITTEL
46.40023765639413,11.012812700668082,648.0,33.0,13.933333,31.4,1.2,647.0,73.0,24.7,220.0,15.0,49.0,0.5963550220935324,MITTEL
46.30461745017252,10.534591431063555,2470.0,28.0,4.9041667,20.2,-5.5,376.0,40.0,16.0,145.0,21.0,39.0,0.3569316331633197,MITTEL
46.75132068815841,11.129859027179585,1880.0,26.0,6.2666664,21.6,-3.5,623.0,73.0,25.1,120.0,15.0,39.0,0.3404764582803626,MITTEL
46.247974872925255,12.080397166399823,637.0,38.0,13.129167,30.5,0.2,808.0,89.0,21.2,199.0,19.0,39.0,0.7713785483426107,HOCH
46.62423273063036,10.98800474265594,1119.0,29.0,11.879166,28.7,0.4,546.0,68.0,31.1,278.0,19.0,41.0,0.4868544726897318,MITTEL
46.730007573108274,11.803385335970422,1748.0,17.0,8.799999,24.6,-1.5,844.0,105.0,30.0,238.0,9.0,51.0,0.4847948931467848,MITTEL
46.56208244637544,10.57379412783686,2146.0,24.0,6.5874996,22.3,-4.0,424.0,48.0,22.4,244.0,12.0,50.0,0.30282321972027626,MITTEL
47.0177626002553,12.009262966935216,1605.0,25.0,8.183333,24.5,-2.4,1023.0,119.0,23.9,156.0,11.0,50.0,0.5313286444324172,MITTEL
46.42843305259279,10.739291606517655,2777.0,30.0,1.8499999,16.0,-7.3,619.0,61.0,11.7,12.0,16.0,47.0,0.11991428492553961,NIEDRIG
46.41934459312493,11.551183470576484,1404.0,44.0,11.116668,27.6,-0.2,631.0,79.0,34.7,46.0,18.0,40.0,0.6047805237349279,HOCH
46.829968326053184,11.904613357547255,1696.0,20.0,9.6375,26.0,-1.4,878.0,106.0,28.3,129.0,11.0,49.0,0.5308653199567999,MITTEL
46.631566567866,12.188251738881071,2159.0,47.0,7.3416667,23.0,-3.4,1052.0,122.0,24.1,265.0,17.0,42.0,0.30701224273047295,MITTEL
46.94216975371065,11.098996123660132,2806.0,4.0,1.9833336,16.1,-7.0,1075.0,113.0,13.7,20.0,18.0,47.0,0.11638111124783211,NIEDRIG
46.768071487550536,12.289693077607604,2265.0,29.0,5.2541666,19.9,-4.6,1258.0,128.0,13.5,231.0,16.0,42.0,0.32045528483739616,MITTEL
46.3024377224666,10.656255610402974,1987.0,31.0,5.9750004,21.5,-4.4,273.0,33.0,28.9,171.0,14.0,47.0,0.3487196909348905,MITTEL
46.82824261493504,11.758097412574005,1280.0,14.0,10.904166,27.7,-0.6,782.0,100.0,32.3,157.0,15.0,54.0,0.693125241091432,HOCH
46.31975612190334,11.96150673979158,1823.0,23.0,8.749999,24.1,-1.8,991.0,117.0,27.6,337.0,15.0,44.0,0.4217936125046561,MITTEL
46.27526258013955,11.425061686314953,870.0,24.0,13.041668,30.4,0.5,641.0,74.0,26.9,180.0,18.0,47.0,0.6184481248787116,HOCH
46.81603485281855,10.604994023895138,2155.0,41.0,5.7875004,21.4,-4.7,664.0,69.0,13.5,270.0,12.0,48.0,0.27274679344671315,NIEDRIG
46.32262315994932,11.156713088507924,1443.0,8.0,11.070834,27.3,0.3,421.0,53.0,37.3,277.0,18.0,38.0,0.29406667992244934,NIEDRIG
46.89556437257109,11.787103337927896,2465.0,56.0,4.3833327,18.8,-5.0,1160.0,116.0,13.2,307.0,16.0,45.0,0.19412762313874488,NIEDRIG
46.34613128584651,12.168325490499589,884.0,23.0,12.05,29.5,-1.1,804.0,91.0,23.0,72.0,18.0,39.0,0.7777893844120908,HOCH
47.01468613087661,10.659160218631955,1792.0,28.0,6.4708333,21.5,-3.3,842.0,85.0,13.1,50.0,14.0,45.0,0.371275986868032,MITTEL
46.9833361844201,12.020416933477872,2130.0,28.0,7.0499997,22.6,-3.0,1103.0,124.0,19.8,81.0,14.0,47.0,0.3521604376062474,MITTEL
46.79307065660005,11.155410166946504,2230.0,46.0,6.366667,21.7,-3.3,645.0,75.0,24.2,288.0,17.0,44.0,0.31621717401271704,MITTEL
46.79060599481781,11.207337620336055,1235.0,32.0,9.974999,26.2,-0.4,651.0,81.0,32.9,75.0,10.0,49.0,0.6047274814393031,HOCH
46.575218856519065,11.11807515118732,1339.0,42.0,11.045834,27.1,0.3,501.0,64.0,36.6,101.0,8.0,55.0,0.5091052876124874,MITTEL
46.60244446489992,10.521748234257904,2054.0,34.0,5.6124997,21.3,-4.9,528.0,57.0,16.3,146.0,16.0,44.0,0.3223026865565085,MITTEL
46.8400376021243,11.886106015073146,1921.0,31.0,8.0375,23.6,-1.9,988.0,113.0,22.7,270.0,11.0,50.0,0.35061311534439243,MITTEL
46.77146945417704,11.89216055154578,905.0,21.0,12.391666,30.1,-0.6,757.0,91.0,27.2,213.0,15.0,45.0,0.8074661821737044,HOCH
46.45684198557241,11.201508947323822,1492.0,16.0,10.0375,25.8,-0.4,446.0,59.0,39.1,331.0,17.0,42.0,0.3947401916690804,MITTEL
46.99604931282438,10.918631821165029,2904.0,26.0,0.39166653,14.0,-8.1,1350.0,153.0,18.4,177.0,17.0,45.0,0.052546216076751376,NIEDRIG
46.67195887378863,12.329148746912242,2515.0,54.0,4.1833334,18.3,-5.4,1289.0,129.0,12.3,136.0,17.0,43.0,0.27198349615661965,NIEDRIG
46.96534544369231,10.581674976746507,1943.0,22.0,7.933333,23.2,-2.0,754.0,80.0,15.2,156.0,13.0,48.0,0.4153087649103885,MITTEL
46.67024716227097,10.638513753949054,2179.0,31.0,6.3625007,21.8,-3.9,525.0,55.0,14.4,267.0,12.0,47.0,0.2844348757770929,NIEDRIG
46.4020044677924,10.811332979256845,1616.0,28.0,9.516666,26.2,-2.0,383.0,48.0,36.5,10.0,12.0,50.0,0.5019009401730784,MITTEL
46.72890548480036,11.35048925795536,1511.0,26.0,9.425,25.7,-1.1,661.0,88.0,35.5,334.0,11.0,49.0,0.7985132889729806,HOCH
46.26562275267878,12.18564334423108,1690.0,31.0,10.287499,26.8,-1.3,911.0,103.0,25.0,119.0,16.0,42.0,0.5218221049198873,MITTEL
46.27550542879972,12.2932488408151,839.0,24.0,13.545833,31.4,0.1,873.0,94.0,19.2,80.0,22.0,39.0,0.7754989729100557,HOCH
46.72299579818748,11.35257554558084,1699.0,20.0,8.5625,24.3,-1.5,649.0,83.0,32.8,278.0,12.0,49.0,0.4368645520414226,MITTEL
46.74425795814849,10.817811389813953,2199.0,50.0,5.4666667,20.8,-4.6,573.0,62.0,16.2,94.0,16.0,45.0,0.34980001942383526,MITTEL
46.69396541436786,11.161270574473727,625.0,4.0,14.554166,32.3,1.5,719.0,82.0,24.2,103.0,18.0,46.0,0.3632160066563002,MITTEL
46.78509649494823,12.344688223785502,2107.0,39.0,5.6,20.8,-4.8,1232.0,131.0,16.1,118.0,18.0,44.0,0.25370058444196014,NIEDRIG
46.55671886007144,11.023662896314324,1089.0,20.0,12.058333,29.0,0.4,564.0,69.0,31.9,149.0,14.0,47.0,0.5120663031015529,MITTEL
46.33545100979843,11.007196315905208,943.0,25.0,12.320832,29.3,0.4,488.0,59.0,32.4,130.0,22.0,40.0,0.5527594079442296,MITTEL
46.80702879809896,12.276601567552955,2181.0,30.0,5.683333,20.6,-4.4,1214.0,127.0,15.7,166.0,15.0,46.0,0.3418577699859726,MITTEL
46.9717801397026,11.282613537840533,2360.0,32.0,3.8791666,18.2,-5.1,1029.0,103.0,13.5,169.0,19.0,41.0,0.20796357512363647,NIEDRIG
46.25043810809825,10.585074345289598,2048.0,34.0,6.1666665,22.3,-5.0,260.0,30.0,29.5,309.0,11.0,57.0,0.2574565140574437,NIEDRIG
46.61176360639462,11.954599558116454,2696.0,17.0,2.6291666,16.5,-6.7,1156.0,110.0,9.5,124.0,17.0,49.0,0.13927213135848024,NIEDRIG
46.82601719183294,11.205002755393917,1202.0,22.0,10.287499,26.5,-0.2,692.0,87.0,31.1,177.0,14.0,50.0,0.7971343082875448,HOCH
46.899667099142114,12.314214770776232,2207.0,50.0,4.1916666,18.9,-5.5,1299.0,128.0,10.7,14.0,14.0,47.0,0.26133585450245117,NIEDRIG
46.55959414890109,11.376953054514146,867.0,35.0,12.887501,30.0,0.8,649.0,78.0,30.0,270.0,17.0,46.0,0.6186261804995973,HOCH
46.28942922852647,10.526083391017163,1697.0,38.0,8.754166,25.5,-3.3,353.0,42.0,34.3,170.0,13.0,49.0,0.4115516706506407,MITTEL
47.02509453786379,12.020606625327256,1676.0,39.0,7.0791664,22.9,-3.1,1118.0,126.0,21.1,229.0,13.0,48.0,0.3714910831587802,MITTEL
46.53017182740205,11.916226036030851,2078.0,17.0,7.004167,22.5,-3.5,1002.0,115.0,24.9,203.0,20.0,37.0,0.3725883893956573,MITTEL
46.448103150039245,10.970703742820367,1946.0,40.0,6.995833,22.2,-2.9,294.0,38.0,34.5,358.0,13.0,48.0,0.31479778588957685,MITTEL
46.7214005989384,11.756568215441272,1652.0,27.0,9.208334,25.3,-1.4,788.0,101.0,32.4,291.0,13.0,46.0,0.7280632584023079,HOCH
46.76393560526787,10.712865130177068,2645.0,20.0,1.6708335,16.2,-7.7,885.0,89.0,11.6,203.0,16.0,46.0,0.10798976290350229,NIEDRIG
46.89111358585652,11.391010518744793,1188.0,30.0,11.745834,28.7,0.0,802.0,98.0,28.6,185.0,17.0,44.0,0.769879126144569,HOCH
46.6686972571049,12.094059419810543,2188.0,2.0,5.8125,20.9,-4.4,1118.0,123.0,20.1,124.0,15.0,43.0,0.2515569596169512,NIEDRIG
46.85963419226222,10.665836914275085,2569.0,15.0,1.2500002,15.8,-7.9,1076.0,115.0,14.3,175.0,16.0,43.0,0.08718560254232269,NIEDRIG
46.56414353712967,11.39818230574208,1367.0,28.0,11.4416685,28.0,0.3,596.0,77.0,35.1,302.0,15.0,45.0,0.49118341924389,MITTEL
46.789806471167566,11.660469052214172,962.0,22.0,12.924999,30.2,0.4,767.0,92.0,27.6,69.0,11.0,60.0,0.792397088806165,HOCH
46.241029138072605,10.755526090799004,2326.0,40.0,5.454166,20.5,-4.7,221.0,27.0,29.9,62.0,16.0,53.0,0.32632538896168645,MITTEL
46.57762482022098,11.233996565421462,1156.0,23.0,11.983334,28.9,0.3,569.0,72.0,33.7,221.0,18.0,48.0,0.5117149707975464,MITTEL
46.66514727280661,11.858847986009934,2111.0,36.0,8.333334,23.9,-2.0,920.0,111.0,28.8,107.0,12.0,47.0,0.4370805864145336,MITTEL
46.46658924342944,12.203058746463364,1004.0,7.0,11.845833,29.4,-1.1,771.0,89.0,25.7,270.0,17.0,43.0,0.4549905773357525,MITTEL
46.98514442810545,12.113099702669397,2139.0,28.0,5.3583336,20.7,-4.7,1224.0,129.0,15.8,213.0,14.0,44.0,0.25944514565615384,NIEDRIG
46.89964520637548,11.35947578677265,1271.0,25.0,11.112499,27.9,-0.2,800.0,100.0,30.1,139.0,14.0,47.0,0.7457245233825024,HOCH
46.59486393508395,10.983423088511644,2052.0,27.0,6.358333,21.0,-3.0,405.0,47.0,23.0,336.0,13.0,51.0,0.2988517070855677,NIEDRIG
46.50129197929552,11.584437353214952,2237.0,24.0,5.495834,19.9,-4.0,780.0,86.0,19.4,312.0,17.0,43.0,0.38693322468986735,MITTEL
46.33136082816575,10.741516840241234,2078.0,36.0,8.329166,23.9,-2.3,259.0,32.0,34.5,247.0,13.0,47.0,0.3583552329725397,MITTEL
46.78470322561709,11.2490617617461,1107.0,46.0,11.758334,28.7,0.1,704.0,87.0,29.6,220.0,14.0,50.0,0.7514369123488975,HOCH
46.50455827009785,10.840625191884016,2154.0,29.0,5.129166,20.4,-4.9,360.0,43.0,22.5,73.0,14.0,44.0,0.32251388727584335,MITTEL
46.639512238204745,12.13545296372865,2741.0,31.0,2.2250004,15.9,-6.9,1277.0,120.0,9.3,287.0,18.0,42.0,0.10511068785231864,NIEDRIG
46.45117403125218,10.816418570165604,2826.0,21.0,2.8708334,17.4,-6.6,529.0,54.0,12.7,104.0,15.0,52.0,0.20587815150617428,NIEDRIG
46.66615722820987,10.55999077531452,903.0,2.0,13.129167,30.6,0.7,598.0,68.0,23.3,36.0,15.0,49.0,0.3114396863480686,MITTEL
46.39366746570408,11.362153489285106,1141.0,12.0,12.291668,29.2,0.5,556.0,69.0,33.2,48.0,16.0,41.0,0.39243417659094976,MITTEL
46.778915097313856,11.441885618138654,1897.0,28.0,6.1625004,21.5,-3.6,794.0,91.0,22.5,277.0,12.0,49.0,0.405990653067159,MITTEL
46.61238065076902,10.673096762430358,1063.0,14.0,12.445834,29.6,0.3,538.0,63.0,27.3,333.0,15.0,44.0,0.36843967931727883,MITTEL
46.9247047959004,10.653403218161838,2803.0,36.0,1.6375002,16.0,-7.5,1098.0,115.0,13.4,163.0,18.0,44.0,0.10558907267485308,NIEDRIG
46.231518828514346,11.206025612604762,642.0,16.0,14.7458315,32.2,1.7,666.0,74.0,22.3,47.0,21.0,38.0,0.5322018988939392,MITTEL
46.70480667330269,10.658560511731478,2464.0,39.0,2.7624998,17.5,-6.7,771.0,78.0,11.6,294.0,15.0,48.0,0.1676647295468303,NIEDRIG
46.61506875968279,11.19328398888558,375.0,32.0,15.412501,33.5,1.9,750.0,83.0,21.4,242.0,17.0,48.0,0.6643816148547607,HOCH
46.59756905066086,11.19036973106285,261.0,2.0,15.879167,34.0,2.3,776.0,89.0,21.1,236.0,14.0,44.0,0.4269061359733733,MITTEL
46.4303594416285,10.569113396222091,2439.0,31.0,3.075,18.5,-7.3,473.0,49.0,12.2,109.0,18.0,39.0,0.25433790806366885,NIEDRIG
46.6366800603986,12.174514912287751,2003.0,48.0,6.008333,21.0,-4.3,1154.0,129.0,20.6,211.0,15.0,44.0,0.3243242749193603,MITTEL
46.91964019071992,10.557499005034392,2301.0,31.0,5.175,20.4,-4.7,854.0,82.0,10.2,292.0,15.0,47.0,0.25870131264230317,NIEDRIG
46.31291530967261,11.243196351935826,213.0,2.0,16.245832,34.2,2.5,813.0,92.0,18.3,216.0,17.0,44.0,0.41345200434513063,MITTEL
46.67829400719621,10.841380269084944,2712.0,15.0,1.4416667,15.4,-7.4,920.0,95.0,13.8,111.0,17.0,44.0,0.1202769724707124,NIEDRIG
46.9381936502805,10.724467346945614,2277.0,38.0,3.2916667,18.1,-6.1,962.0,94.0,10.7,109.0,15.0,44.0,0.22829647586846102,NIEDRIG
46.7458293779487,11.164546878297909,2024.0,19.0,6.679167,21.8,-2.9,612.0,72.0,23.3,352.0,14.0,47.0,0.27862542691162584,NIEDRIG
46.67334147340629,11.878343106364936,1539.0,36.0,9.604167,25.8,-1.2,814.0,102.0,32.6,60.0,16.0,42.0,0.7666769662211895,HOCH
46.53090567659567,11.55603011702744,1312.0,15.0,10.929166,27.7,-0.3,639.0,81.0,33.7,345.0,19.0,40.0,0.5076221515672447,MITTEL
46.68371640941291,11.708354308539796,2006.0,6.0,7.5291657,22.6,-2.3,879.0,102.0,23.8,71.0,13.0,48.0,0.28613264562674334,NIEDRIG
46.310458715878944,10.944121105411046,2087.0,11.0,6.1124997,20.7,-3.3,188.0,23.0,26.4,194.0,20.0,38.0,0.2576677789879517,NIEDRIG
46.61768462347668,11.183718633968354,268.0,1.0,15.741666,33.9,2.2,770.0,86.0,20.8,180.0,13.0,48.0,0.4071796500282306,MITTEL
46.87081375529293,10.66486341732072,2861.0,24.0,0.21666662,14.4,-8.7,1200.0,133.0,17.3,171.0,19.0,37.0,0.02383870833251636,NIEDRIG
46.29330882333493,12.177429401456994,1837.0,29.0,8.233334,23.7,-2.6,1084.0,122.0,23.9,31.0,16.0,41.0,0.350163165616158,MITTEL
46.78414125583273,10.5346300564596,1489.0,0.0,9.729167,26.1,-1.5,555.0,64.0,26.2,0.0,,,0.2743199741224935,NIEDRIG
47.00102179718959,11.244489925006771,2637.0,37.0,2.6666667,16.7,-6.2,1134.0,115.0,12.3,330.0,16.0,44.0,0.09611260449141358,NIEDRIG
46.43470955015966,12.028406327859308,1728.0,26.0,9.333333,25.4,-1.9,880.0,107.0,30.4,340.0,16.0,43.0,0.5192834754905431,MITTEL
46.88274902395119,11.852301389294448,1578.0,33.0,8.395833,24.6,-2.1,925.0,113.0,27.5,29.0,12.0,49.0,0.5687388373392782,MITTEL
46.60877863431998,11.50101262277111,1401.0,29.0,10.745833,27.4,-0.3,658.0,85.0,35.7,97.0,12.0,48.0,0.6575963731534875,HOCH
46.99984680752412,10.88400345338904,2436.0,19.0,3.4833333,18.1,-5.8,987.0,98.0,11.5,259.0,18.0,44.0,0.20663772469440672,NIEDRIG
46.81540741371984,10.87358661452989,3312.0,12.0,-1.4791669,12.0,-9.9,1273.0,146.0,20.0,146.0,16.0,47.0,0.01793206890322686,NIEDRIG
46.71542508171065,10.715257238879955,2892.0,38.0,0.24999993,14.2,-8.6,1018.0,109.0,16.2,314.0,14.0,48.0,0.03643026880879063,NIEDRIG
46.63224431428704,10.663746221485484,1080.0,26.0,12.879167,30.3,0.5,565.0,65.0,24.5,229.0,16.0,49.0,0.4769130146710869,MITTEL
46.65332319618772,11.40022828986395,2113.0,26.0,6.391666,21.3,-3.2,665.0,77.0,22.0,229.0,13.0,46.0,0.34755158786341916,MITTEL
46.590989832775456,11.19096221158454,258.0,3.0,15.833333,33.9,2.3,777.0,89.0,20.9,236.0,15.0,46.0,0.4269061359733733,MITTEL
47.01732892538959,10.619025830086583,1234.0,61.0,12.016667,29.1,0.4,741.0,84.0,20.7,323.0,10.0,49.0,0.6135934181827517,HOCH
46.43211329915192,12.014947084839456,1488.0,33.0,10.820834,27.6,-0.9,761.0,92.0,30.6,237.0,19.0,40.0,0.7553755736569522,HOCH
46.3223279317507,10.505586679781764,2613.0,45.0,3.5166664,18.3,-6.5,490.0,50.0,10.7,289.0,17.0,44.0,0.1949596701641841,NIEDRIG
46.31437181041254,11.985803826561334,1754.0,48.0,9.966667,25.9,-1.0,870.0,104.0,29.1,101.0,14.0,43.0,0.5051571189638571,MITTEL
46.81112588828304,10.732947769314288,2979.0,21.0,-0.47500002,12.8,-9.1,1140.0,127.0,16.7,30.0,,,0.03296201383149663,NIEDRIG
46.53126855873177,10.883861804033812,2231.0,22.0,5.2000003,20.2,-4.5,395.0,47.0,22.5,69.0,16.0,44.0,0.3609262147611064,MITTEL
46.68665698075412,11.886380502899996,1198.0,18.0,11.141666,28.2,-0.9,730.0,92.0,32.8,129.0,17.0,38.0,0.8361967839406431,HOCH
46.86237950900133,10.76188562647577,2888.0,8.0,-0.6000001,12.0,-9.2,1154.0,126.0,16.4,29.0,,,0.0370588406508685,NIEDRIG
46.36018705096434,10.80654684708258,2679.0,20.0,3.1708336,16.7,-5.6,541.0,55.0,11.3,313.0,20.0,43.0,0.1439434046942301,NIEDRIG
46.733840237014896,10.941250637380158,2419.0,29.0,6.079167,21.2,-3.9,549.0,61.0,18.6,257.0,14.0,46.0,0.2889869978801875,NIEDRIG
46.92758735515487,11.171514672932735,2565.0,38.0,2.4833333,16.5,-6.3,1083.0,111.0,12.7,160.0,16.0,45.0,0.0983714883851552,NIEDRIG
46.58914392502764,11.777663899047356,2623.0,3.0,3.9041665,18.0,-5.5,1024.0,104.0,13.3,124.0,18.0,38.0,0.20074648998802014,NIEDRIG
46.72615454645438,12.182856052730898,1344.0,18.0,10.491668,27.7,-1.8,694.0,87.0,31.3,307.0,14.0,41.0,0.7513067677729017,HOCH
46.62955144997058,11.89851414486374,1362.0,37.0,10.445832,27.4,-1.4,746.0,93.0,33.1,338.0,9.0,46.0,0.7964062488381387,HOCH
46.65274066001383,11.23257178060345,1345.0,24.0,10.791667,27.2,-0.1,569.0,73.0,35.5,171.0,16.0,48.0,0.5312310611330607,MITTEL
46.726263143706944,12.195580478878275,1271.0,15.0,10.629167,28.0,-1.8,677.0,85.0,30.6,355.0,17.0,40.0,0.5279551431136176,MITTEL
46.86139094624406,10.76095008002372,2900.0,3.0,-0.6000001,12.0,-9.2,1154.0,126.0,16.4,26.0,,,0.0370588406508685,NIEDRIG
46.685604636259264,11.887016777623348,1196.0,43.0,11.141666,28.2,-0.9,730.0,92.0,32.8,317.0,18.0,36.0,0.8295712351392645,HOCH
46.79211503333098,11.907478228007264,921.0,20.0,12.320834,30.0,-0.7,764.0,91.0,27.1,36.0,11.0,49.0,0.7829923173541845,HOCH
46.62259645689692,11.835785910011133,1677.0,15.0,8.237499,24.2,-2.5,876.0,110.0,31.3,345.0,16.0,41.0,0.4834156314694131,MITTEL
46.883064052677646,11.140195272830368,1571.0,29.0,7.2166667,23.0,-2.7,709.0,83.0,24.8,217.0,11.0,48.0,0.46042217909900074,MITTEL
46.33091739040358,12.083346051216068,2068.0,76.0,8.704166,24.1,-2.1,1048.0,121.0,26.6,98.0,14.0,44.0,0.40101405549708175,MITTEL
46.65911009845483,11.43977458094398,2141.0,12.0,6.1458325,21.3,-3.7,705.0,82.0,23.9,139.0,15.0,45.0,0.325949931822427,MITTEL
46.802505915767554,11.851098019751518,897.0,28.0,12.091666,29.6,-0.6,760.0,92.0,28.9,221.0,13.0,46.0,0.810729473646873,HOCH
46.67952223115044,11.619579002183253,628.0,35.0,14.045834,31.9,0.8,770.0,87.0,23.1,116.0,18.0,48.0,0.78492017255143,HOCH
46.88747436083704,11.62067603731414,1776.0,7.0,7.5708337,23.5,-2.6,924.0,111.0,27.1,180.0,15.0,45.0,0.2777241238962506,NIEDRIG
46.41039438560816,11.141022744233592,1002.0,8.0,13.099999,30.6,0.7,575.0,68.0,28.7,299.0,20.0,43.0,0.3272855905341308,MITTEL
46.9833638504848,11.36444799202327,2714.0,55.0,2.6666665,16.4,-5.9,1240.0,128.0,13.0,262.0,18.0,44.0,0.12912626615644393,NIEDRIG
46.34017134408231,12.205641399767128,808.0,5.0,12.029167,29.4,-0.9,798.0,90.0,23.1,330.0,16.0,41.0,0.456110404757872,MITTEL
46.92354703800738,10.53438266574014,2248.0,30.0,4.5083327,19.2,-5.0,937.0,90.0,9.4,238.0,18.0,41.0,0.2863230693591811,NIEDRIG
46.96065555999111,10.691650612799082,2809.0,30.0,0.8333332,14.8,-7.9,1277.0,140.0,17.0,42.0,18.0,44.0,0.06711623957594094,NIEDRIG
46.79232050442056,12.22555077073173,1815.0,39.0,8.020833,23.8,-2.6,1022.0,119.0,23.7,268.0,12.0,49.0,0.3346791364947508,MITTEL
46.81556424058794,11.293623156901482,1765.0,22.0,6.9541664,22.2,-2.7,701.0,83.0,23.8,14.0,13.0,50.0,0.3649703981716062,MITTEL
46.95423744116715,12.07210264137436,1742.0,31.0,7.520834,24.1,-3.4,1017.0,118.0,24.0,261.0,14.0,44.0,0.39592466237632384,MITTEL
46.32866828897027,12.06922001888402,2381.0,51.0,6.1124997,20.3,-3.7,1161.0,123.0,18.2,219.0,20.0,45.0,0.3210666693576789,MITTEL
46.47732134309626,11.121616630462904,1315.0,26.0,11.254166,27.6,0.1,502.0,63.0,35.0,68.0,20.0,40.0,0.5050660207461221,MITTEL
46.821776303586645,11.20980242493603,818.0,35.0,12.6125,29.7,0.6,740.0,90.0,26.8,137.0,17.0,47.0,0.7737806139423009,HOCH
46.709934793693066,11.973649932288934,2203.0,33.0,6.725,21.8,-3.3,1041.0,116.0,20.4,270.0,17.0,42.0,0.30751344842588246,MITTEL
46.91669800221881,11.27562279652027,1599.0,34.0,9.462501,25.9,-1.1,805.0,102.0,32.1,51.0,10.0,48.0,0.712768164463624,HOCH
46.50558168857536,11.148169225036227,1535.0,13.0,10.025001,25.9,-0.4,454.0,59.0,38.5,249.0,20.0,37.0,0.36670564920427684,MITTEL
46.408208811001245,11.346145118266556,1098.0,34.0,13.470832,30.9,1.0,611.0,71.0,27.8,0.0,16.0,46.0,0.49553398377150065,MITTEL
46.36983388912646,10.763913862689312,2639.0,45.0,3.7708337,18.0,-5.5,438.0,48.0,15.2,27.0,18.0,45.0,0.22679923884551584,NIEDRIG
46.95754800593434,11.283889620599146,2317.0,41.0,3.4624999,17.5,-5.5,1059.0,105.0,13.4,30.0,15.0,48.0,0.1714372835903032,NIEDRIG
46.732650994167216,11.586192149585234,1547.0,24.0,9.454165,25.5,-0.9,741.0,97.0,35.0,12.0,10.0,50.0,0.801941984387947,HOCH
46.63946259810562,10.898221148918578,1315.0,29.0,11.8875,29.0,0.1,537.0,64.0,30.1,187.0,18.0,45.0,0.4830128725357891,MITTEL
46.91440103615442,11.542653996290628,2199.0,32.0,4.995833,19.5,-4.3,1021.0,105.0,14.1,200.0,16.0,45.0,0.3606651564843871,MITTEL
46.62913331824209,12.36462851453424,2155.0,47.0,5.8624997,20.8,-4.5,1203.0,131.0,18.7,0.0,17.0,38.0,0.33095579004221165,MITTEL
46.8263213481621,10.625947485557996,2235.0,12.0,5.066667,20.6,-5.2,702.0,72.0,12.6,13.0,16.0,44.0,0.2771033179865561,NIEDRIG
46.39271714004813,12.179839522090834,1700.0,1.0,8.533334,23.9,-2.3,1045.0,120.0,25.0,270.0,17.0,41.0,0.26263758623847216,NIEDRIG
46.53007266107563,11.669195082156616,1685.0,7.0,8.629167,25.1,-2.3,760.0,95.0,32.6,305.0,17.0,38.0,0.37152236011056244,MITTEL
46.46347361043787,11.599029873163804,1727.0,28.0,9.133334,25.0,-1.6,684.0,87.0,35.3,282.0,10.0,49.0,0.5727097697141695,MITTEL
46.58024148727956,11.481104204767933,1578.0,6.0,9.837501,26.0,-0.7,623.0,80.0,36.0,180.0,9.0,51.0,0.3141609137205538,MITTEL
46.83857434570916,11.429907947068388,2174.0,29.0,6.1208324,21.2,-3.4,840.0,93.0,19.7,47.0,16.0,40.0,0.42289141903120187,MITTEL
46.28954407469303,11.125761198669997,1050.0,25.0,12.2,29.0,0.5,469.0,58.0,34.8,243.0,22.0,36.0,0.5207013992357711,MITTEL
46.44492993492204,11.198589453582208,1542.0,4.0,10.212501,26.1,-0.3,444.0,58.0,39.2,224.0,19.0,39.0,0.2744358794285683,NIEDRIG
46.86674281053866,11.485196037737232,946.0,4.0,12.195832,29.3,0.2,789.0,95.0,28.3,283.0,14.0,49.0,0.4680281200121225,MITTEL
46.919464128464845,12.070885725317469,2573.0,38.0,3.0583332,17.4,-6.4,1285.0,125.0,10.3,46.0,16.0,49.0,0.1742039039687231,NIEDRIG
46.24514047844778,11.756927357702375,2064.0,35.0,6.8250003,21.3,-3.4,973.0,117.0,29.0,163.0,15.0,46.0,0.3671362973533095,MITTEL
46.935752890780535,11.565351801934952,1929.0,28.0,7.0625,22.7,-2.9,920.0,107.0,23.1,16.0,14.0,46.0,0.38926610206457574,MITTEL
46.308595530729725,10.945908763463295,2086.0,13.0,6.1124997,20.7,-3.3,188.0,23.0,26.4,62.0,19.0,40.0,0.27433020259392016,NIEDRIG
46.54555828322688,12.052992124861618,2509.0,48.0,3.5041666,17.3,-6.0,1182.0,120.0,12.9,26.0,16.0,41.0,0.11004329702139017,NIEDRIG
46.55288723424557,10.764334281925588,1943.0,25.0,6.7041664,22.0,-3.4,375.0,45.0,24.8,120.0,11.0,49.0,0.3319816734857325,MITTEL
46.73342814666471,10.66306337963719,2337.0,34.0,3.0708332,17.8,-6.5,805.0,81.0,11.2,150.0,19.0,44.0,0.23184175111038763,NIEDRIG
46.92698531066186,10.730104811793748,2028.0,39.0,5.450001,21.1,-4.7,759.0,79.0,14.4,58.0,13.0,47.0,0.30850837133141906,MITTEL
46.93990032881977,11.288562829946896,2321.0,33.0,5.625,20.4,-3.7,913.0,99.0,19.0,195.0,20.0,41.0,0.42070492789062774,MITTEL
46.49675765124996,11.668793572646011,2160.0,27.0,6.495834,22.0,-3.9,846.0,101.0,27.9,140.0,15.0,42.0,0.41143726800626035,MITTEL
46.25669451681678,11.179422208825752,425.0,34.0,16.054167,33.9,2.4,783.0,88.0,18.2,157.0,18.0,48.0,0.7850901450761273,HOCH
46.51816010136098,11.94755401128686,2148.0,18.0,5.941667,20.9,-4.4,1066.0,118.0,21.6,216.0,21.0,36.0,0.338314777890111,MITTEL
47.00506227355363,10.91099246434136,3279.0,41.0,-0.9500001,12.2,-9.1,1504.0,179.0,21.6,76.0,,,0.044486547921852,NIEDRIG
46.92063740631493,10.76252290591004,2858.0,21.0,1.1375002,15.2,-7.8,1116.0,119.0,14.5,349.0,18.0,47.0,0.07794341486028218,NIEDRIG
46.37438636212087,11.38138913811394,1508.0,24.0,10.595834,26.7,-0.2,505.0,65.0,35.9,322.0,15.0,43.0,0.4877533881823783,MITTEL
46.81973673251144,11.458790741352535,2047.0,44.0,7.3416667,23.1,-2.6,788.0,94.0,26.7,112.0,15.0,44.0,0.4286114331882031,MITTEL
46.4029706494677,11.25326833027622,298.0,5.0,16.112501,34.2,2.3,788.0,93.0,21.3,125.0,17.0,43.0,0.4301433013345673,MITTEL
47.0129054627248,12.06180031419559,1876.0,45.0,7.179167,22.9,-3.0,1103.0,124.0,19.8,19.0,11.0,50.0,0.337435969955715,MITTEL
46.77957330130753,12.184548093632024,1328.0,11.0,10.45,27.7,-1.7,740.0,92.0,30.0,152.0,14.0,46.0,0.6331759666381176,HOCH
46.95711259218416,10.534907174827977,1346.0,30.0,9.191667,25.1,-1.3,721.0,79.0,18.8,311.0,12.0,46.0,0.5911161342569627,MITTEL
46.44756468614164,11.578577922493436,1647.0,9.0,9.375,25.2,-1.3,672.0,87.0,36.6,310.0,11.0,47.0,0.5540564734377712,MITTEL
46.62536878090763,11.258313554943213,1597.0,2.0,9.958333,26.1,-0.6,552.0,71.0,36.1,36.0,18.0,42.0,0.28833238964536245,NIEDRIG
46.43931043031153,10.762345938675482,1862.0,34.0,6.4874997,22.5,-4.3,311.0,39.0,32.6,97.0,12.0,46.0,0.345639206813303,MITTEL
46.70491413102099,12.134653506457166,1711.0,17.0,8.541667,24.6,-2.3,903.0,108.0,27.5,115.0,16.0,42.0,0.4676678770888195,MITTEL
46.36902552206705,11.74410680949033,1870.0,33.0,8.095834,23.8,-2.7,868.0,110.0,32.8,336.0,11.0,46.0,0.40469356303952553,MITTEL
46.55128690215552,12.067740653096308,3081.0,61.0,2.5583336,16.0,-6.6,1203.0,116.0,9.8,45.0,19.0,45.0,0.15870099236456414,NIEDRIG
46.26683213939092,11.47087075019766,1283.0,11.0,11.895835,28.9,-0.1,595.0,72.0,31.2,0.0,14.0,45.0,0.3514860083445805,MITTEL
46.37618802844072,12.293108163840037,1349.0,21.0,10.458333,27.0,-1.0,872.0,100.0,25.2,287.0,16.0,42.0,0.7663304826367136,HOCH
46.5392805618194,10.959309483476472,1441.0,30.0,10.45,27.1,-0.7,470.0,60.0,35.0,204.0,13.0,50.0,0.4917270429115805,MITTEL
46.95807946612239,11.318049879424953,2008.0,33.0,6.120834,21.1,-3.3,888.0,101.0,21.3,24.0,12.0,46.0,0.38265145714541005,MITTEL
46.98497425085007,11.641947353218082,1740.0,26.0,6.7291665,22.4,-3.3,991.0,116.0,23.6,174.0,14.0,45.0,0.37461068929353125,MITTEL
46.97504418863358,11.74155336724982,2874.0,25.0,1.5791665,15.2,-7.2,1339.0,134.0,11.0,354.0,,,0.08355694485159347,NIEDRIG
46.43818049335856,10.558828510781826,2789.0,36.0,1.5083333,16.1,-8.2,637.0,63.0,11.1,77.0,18.0,41.0,0.07870976760870503,NIEDRIG
46.989693348952684,12.08326294584134,2476.0,32.0,2.9083335,17.1,-6.2,1380.0,134.0,10.6,69.0,17.0,40.0,0.12981985033155774,NIEDRIG
46.84299611397046,11.125538822566586,2516.0,27.0,3.1416664,17.3,-5.7,935.0,92.0,12.5,133.0,17.0,47.0,0.14568844236544062,NIEDRIG
46.77732938887621,11.427064430819522,1736.0,27.0,8.512501,24.8,-1.9,729.0,94.0,32.5,349.0,11.0,48.0,0.5343817216552103,MITTEL
46.289886334001686,11.360101670086271,1458.0,6.0,11.116668,27.3,0.2,496.0,62.0,35.6,166.0,11.0,50.0,0.28981317600822276,NIEDRIG
46.99961228317654,10.504891974652866,1973.0,28.0,5.1666665,20.6,-5.0,955.0,94.0,11.4,177.0,15.0,43.0,0.3049576551639909,MITTEL
46.51674027877206,11.6042228584047,1784.0,21.0,8.245832,24.1,-2.3,719.0,90.0,31.8,272.0,16.0,40.0,0.5088690049547533,MITTEL
46.33834279233158,12.215853541652018,840.0,39.0,12.095833,29.4,-0.8,798.0,90.0,23.3,20.0,17.0,42.0,0.7556736300052052,HOCH
46.37679448459383,11.334528636888953,1083.0,8.0,12.970833,30.1,0.9,578.0,70.0,30.6,305.0,16.0,45.0,0.3172235212537998,MITTEL
46.8330320427677,12.292254745212585,2296.0,24.0,4.4999995,19.1,-5.4,1281.0,128.0,12.2,216.0,17.0,43.0,0.2667164617762341,NIEDRIG
46.75375661922365,12.008751363014396,1313.0,23.0,10.866666,28.0,-1.2,717.0,90.0,30.7,110.0,15.0,46.0,0.7509789366629545,HOCH
47.00986097359815,11.69211250267379,2405.0,37.0,2.8333333,17.0,-6.2,1240.0,123.0,11.5,242.0,14.0,57.0,0.11881404381730114,NIEDRIG
46.405506543648194,11.415720617781655,1205.0,33.0,11.737499,28.5,0.2,569.0,71.0,33.1,4.0,14.0,51.0,0.5210310627903936,MITTEL
46.26083198423826,12.265866946867488,778.0,30.0,13.491668,31.1,0.2,862.0,94.0,19.4,329.0,19.0,40.0,0.8075429733054997,HOCH
46.67180092850705,12.369264598955086,1715.0,14.0,7.8375,23.7,-3.1,1006.0,116.0,23.3,317.0,15.0,43.0,0.35397033923373716,MITTEL
46.32537332348552,11.08554226717904,706.0,11.0,14.3875,32.3,1.2,631.0,71.0,24.5,224.0,20.0,40.0,0.4498660815783074,MITTEL
46.32120254352067,10.860669145557305,866.0,33.0,12.966668,30.2,0.6,568.0,67.0,26.9,322.0,14.0,51.0,0.49916070158217574,MITTEL
46.60686436445564,12.266254307203756,1782.0,13.0,7.2791667,22.8,-3.5,1069.0,122.0,23.2,69.0,16.0,40.0,0.33995821884230915,MITTEL
46.48341465734563,12.079787724451974,2099.0,26.0,7.0083327,22.1,-3.6,1078.0,126.0,26.1,343.0,18.0,40.0,0.3303996511209928,MITTEL
46.70400427850651,10.56972006949518,1984.0,24.0,7.275,22.8,-3.3,530.0,57.0,16.7,244.0,14.0,52.0,0.30924077767856856,MITTEL
46.58045590528434,11.492089941302122,1467.0,15.0,11.241668,28.0,-0.1,634.0,82.0,35.8,58.0,13.0,49.0,0.5202062590431167,MITTEL
46.48038230127976,10.622730905633258,3007.0,11.0,-0.10833335,13.5,-8.9,821.0,87.0,14.9,144.0,15.0,51.0,0.03565146132951183,NIEDRIG
46.75604219298602,11.507304573178384,2234.0,2.0,4.6833334,19.4,-4.7,903.0,98.0,17.7,124.0,14.0,46.0,0.2620688884724349,NIEDRIG
46.5691425907986,11.47320895191114,1380.0,24.0,10.537499,27.0,-0.4,621.0,80.0,35.7,98.0,12.0,51.0,0.565323587082762,MITTEL
46.24887328258821,10.93614140994857,1466.0,6.0,8.258333,24.3,-2.7,282.0,37.0,41.7,346.0,12.0,46.0,0.25366618080749653,NIEDRIG
46.37706506360004,10.500961575521494,2553.0,23.0,3.5083334,18.9,-6.7,448.0,46.0,12.6,97.0,18.0,45.0,0.2430596960036672,NIEDRIG
46.86517771222835,12.256532796958105,1894.0,41.0,7.8375,24.1,-3.2,1043.0,120.0,23.7,263.0,16.0,45.0,0.3528441380824841,MITTEL
46.84003237792066,11.15633311884865,1575.0,53.0,8.566667,24.5,-1.5,676.0,84.0,30.3,123.0,13.0,47.0,0.5591630251581299,MITTEL
46.61129503647988,10.570821732615352,1105.0,28.0,11.779166,28.7,-0.0,523.0,61.0,28.3,135.0,11.0,49.0,0.5075700920618911,MITTEL
46.84089599162926,12.340710312378434,1863.0,31.0,7.808333,24.3,-3.3,1043.0,120.0,23.9,281.0,13.0,49.0,0.3645373863705492,MITTEL
46.6453086369077,11.129515420761734,799.0,40.0,13.466667,30.7,1.2,651.0,77.0,26.5,84.0,15.0,48.0,0.6063764492502063,HOCH
46.51168514736416,10.707099159654808,2457.0,18.0,3.5875003,18.4,-6.0,512.0,53.0,12.2,168.0,17.0,43.0,0.24281067959367994,NIEDRIG
46.798937873725166,12.095256792674723,1935.0,16.0,7.308333,22.6,-2.7,1072.0,119.0,19.9,283.0,12.0,50.0,0.3288211651083176,MITTEL
46.95396119921037,11.01899200499367,1551.0,35.0,8.733334,24.9,-1.6,718.0,87.0,26.9,258.0,10.0,48.0,0.682427671298607,HOCH
46.53532593154128,11.300434401782702,1235.0,3.0,12.054168,28.8,0.6,574.0,72.0,33.7,154.0,15.0,49.0,0.28898058638158497,NIEDRIG
46.99063198088409,10.733210187382126,1780.0,26.0,5.7833333,21.1,-4.1,842.0,87.0,13.9,8.0,13.0,46.0,0.42620297968238036,MITTEL
46.30061268707166,11.970948080766124,1273.0,33.0,9.208334,24.7,-1.5,965.0,113.0,26.8,163.0,22.0,44.0,0.6207306260055364,HOCH
46.93315717133083,12.33743236511348,1759.0,23.0,7.445833,23.8,-3.5,1061.0,122.0,22.9,219.0,14.0,47.0,0.3553201220400325,MITTEL
46.3623901251227,11.64756979177078,1178.0,23.0,11.299999,28.1,-0.5,682.0,85.0,32.9,315.0,12.0,46.0,0.6797980333900351,HOCH
46.97974141566618,10.93373333026729,2395.0,22.0,3.8624995,18.8,-5.5,914.0,90.0,11.9,79.0,15.0,40.0,0.22311585876872353,NIEDRIG
46.890533421801344,10.93167169322512,2771.0,31.0,1.6374998,16.0,-7.4,1055.0,111.0,13.6,152.0,18.0,43.0,0.10711480258790812,NIEDRIG
46.40493094751388,10.830617088811998,1154.0,23.0,10.325,27.3,-1.4,438.0,54.0,34.5,9.0,15.0,48.0,0.5282251424658226,MITTEL
46.88700230741398,12.290570793598736,2240.0,25.0,4.725,19.5,-5.1,1272.0,129.0,12.6,100.0,15.0,46.0,0.2817019062600815,NIEDRIG
47.0007290752925,10.608680683291023,1549.0,22.0,10.608334,26.8,-0.1,741.0,84.0,21.9,14.0,13.0,50.0,0.6276972186078167,HOCH
46.70480348202046,11.469641555854508,2458.0,27.0,4.3749995,18.9,-5.1,859.0,91.0,15.3,188.0,17.0,46.0,0.3519725818869924,MITTEL
46.54480896714728,10.825693900556209,2563.0,13.0,2.4666665,16.3,-6.4,641.0,61.0,11.5,295.0,14.0,49.0,0.11326320105901111,NIEDRIG
47.02240300167802,11.419014315885644,1659.0,23.0,9.025,25.3,-1.1,899.0,114.0,28.9,164.0,13.0,49.0,0.6250998363719136,HOCH
46.40807808918285,12.026089553294527,1097.0,33.0,11.3875,28.5,-0.8,745.0,90.0,28.7,218.0,14.0,40.0,0.7692929645535778,HOCH
46.941690811868455,10.565713736248668,1830.0,17.0,8.370833,24.2,-2.1,712.0,78.0,18.9,90.0,11.0,53.0,0.40576226515855185,MITTEL
46.446692540038505,11.231987710805882,856.0,23.0,13.108333,30.3,0.7,605.0,73.0,30.9,74.0,24.0,35.0,0.5387074444998937,MITTEL
46.90768513579353,10.583499829954238,2122.0,35.0,5.8500004,21.8,-4.6,748.0,79.0,15.3,98.0,15.0,46.0,0.3636480766047402,MITTEL
46.75093815153864,12.014276946555889,1155.0,16.0,10.866666,28.0,-1.2,717.0,90.0,30.7,124.0,14.0,44.0,0.747404884335626,HOCH
46.45340294986323,11.875332811991097,2201.0,17.0,6.2875004,21.3,-4.0,1020.0,118.0,24.7,43.0,17.0,41.0,0.3706617066607689,MITTEL
46.43618266311122,11.197428586199266,1536.0,16.0,10.308333,26.3,-0.3,447.0,59.0,39.4,243.0,11.0,48.0,0.40140509950002873,MITTEL
46.29395544053143,11.427783277238907,1166.0,23.0,12.033332,29.1,0.3,580.0,70.0,31.4,196.0,14.0,51.0,0.4963647397634903,MITTEL
47.01853474369583,12.173155628627253,2801.0,21.0,0.8166668,14.8,-8.2,1493.0,158.0,12.2,173.0,17.0,43.0,0.037383248807124014,NIEDRIG
46.61193590770445,11.42641969016302,1902.0,38.0,7.4374995,22.7,-2.5,636.0,79.0,29.5,301.0,11.0,53.0,0.3459182405804113,MITTEL
46.50626295438969,12.042634627506224,2237.0,20.0,5.3374996,19.7,-4.7,1127.0,123.0,19.3,337.0,16.0,43.0,0.22327221081074605,NIEDRIG
46.917473764102525,11.517360108104072,1239.0,8.0,9.858333,26.4,-1.1,834.0,108.0,32.7,170.0,12.0,46.0,0.4922943894179373,MITTEL
46.920392938780125,11.475251322278018,1790.0,16.0,7.9999995,23.3,-1.6,858.0,101.0,23.2,254.0,13.0,48.0,0.3865135389337602,MITTEL
46.79321532996676,12.122319506706203,1963.0,23.0,7.2375007,22.5,-2.8,1094.0,120.0,20.0,237.0,11.0,51.0,0.3474999661501878,MITTEL
46.72178511170508,11.772350808354702,1692.0,42.0,8.6375,24.4,-1.7,825.0,103.0,30.7,7.0,13.0,48.0,0.48048246847806997,MITTEL
46.93111828649359,10.854353391235664,2538.0,20.0,1.0375,14.6,-7.8,1094.0,116.0,13.8,324.0,15.0,48.0,0.05905500128605353,NIEDRIG
46.821186252301096,11.12717496580091,1843.0,43.0,7.85,23.7,-2.4,679.0,82.0,29.4,158.0,15.0,48.0,0.3975874768977761,MITTEL
46.67209950038946,10.502611976165198,1360.0,33.0,11.133334,28.1,-0.6,554.0,65.0,27.3,154.0,13.0,50.0,0.48450276564295247,MITTEL
46.23453583385946,11.449459805996124,1671.0,21.0,8.958333,24.3,-1.4,510.0,66.0,37.2,46.0,11.0,52.0,0.46123692528855986,MITTEL
46.48925082266362,10.657777405504325,2532.0,35.0,2.1125,16.8,-7.4,598.0,59.0,10.6,139.0,19.0,43.0,0.09288956190121252,NIEDRIG
46.43622229507701,11.68198098178949,1563.0,22.0,8.804167,24.8,-2.1,744.0,95.0,35.1,111.0,17.0,38.0,0.7786370660121362,HOCH
46.88101240310093,10.51748241536812,1591.0,17.0,8.454166,24.5,-2.4,658.0,72.0,19.6,276.0,15.0,42.0,0.440160715119164,MITTEL
46.83512953769762,10.700566516035732,2827.0,35.0,-0.7583334,12.5,-9.3,1203.0,134.0,17.7,328.0,18.0,47.0,0.017024629919511352,NIEDRIG
46.89807742077289,11.308788711488384,1508.0,16.0,9.4375,25.7,-1.0,771.0,100.0,32.2,70.0,10.0,48.0,0.7461437559794254,HOCH
46.971222733003465,11.683492590949236,2603.0,57.0,2.2708333,16.3,-6.6,1277.0,129.0,11.8,12.0,15.0,48.0,0.12095473452918759,NIEDRIG
46.77691818566341,12.253093552594994,2014.0,23.0,6.0708337,20.9,-3.9,1207.0,128.0,15.5,110.0,15.0,47.0,0.35875415286106105,MITTEL
46.361867751384224,12.27192289055146,1745.0,33.0,9.216666,25.0,-1.7,1010.0,115.0,24.5,286.0,16.0,43.0,0.4440856347477791,MITTEL
46.69278303516625,10.626460085556806,1593.0,30.0,9.350001,25.8,-1.9,492.0,58.0,27.3,316.0,15.0,47.0,0.4356562513549208,MITTEL
46.26585805313382,11.661602182812228,1944.0,23.0,7.3333335,22.0,-2.8,846.0,103.0,30.8,259.0,11.0,47.0,0.4139446631323891,MITTEL
46.826075713243625,12.312276481741502,2484.0,35.0,3.8374999,18.3,-5.9,1320.0,127.0,10.3,125.0,19.0,41.0,0.19582111287329595,NIEDRIG
46.53475737563121,11.612011585304645,1857.0,5.0,8.379167,24.2,-2.1,727.0,90.0,30.0,330.0,16.0,41.0,0.337010979783939,MITTEL
46.58869698518297,11.297457746744138,1411.0,18.0,10.708333,27.1,-0.2,575.0,72.0,34.2,132.0,19.0,41.0,0.4975919066955088,MITTEL
46.8867755414064,11.486029345441644,1547.0,32.0,9.491667,25.5,-0.7,790.0,102.0,31.8,223.0,13.0,46.0,0.7385567012327983,HOCH
46.29501778570402,10.913346903093002,2210.0,32.0,5.6958327,20.2,-3.7,183.0,23.0,28.6,42.0,17.0,38.0,0.35694969434093005,MITTEL
46.33397865920743,10.930707706964617,1494.0,9.0,10.562501,27.2,-0.8,400.0,50.0,37.6,240.0,16.0,42.0,0.32053458340070207,MITTEL
46.81144629726165,10.55905136969427,1686.0,29.0,8.016666,24.1,-3.0,609.0,67.0,20.0,182.0,16.0,46.0,0.3645812638399591,MITTEL
46.73763443434778,11.285389077483153,2490.0,47.0,5.025,19.5,-4.2,756.0,82.0,16.9,39.0,14.0,47.0,0.36889569492887087,MITTEL
46.581463949276426,11.921859982654144,1520.0,17.0,9.358334,26.2,-2.1,804.0,101.0,32.9,238.0,15.0,42.0,0.7593032107172039,HOCH
46.9410364212108,11.2659540428077,2042.0,28.0,7.404167,23.1,-2.6,820.0,98.0,27.6,265.0,16.0,46.0,0.4200919438529558,MITTEL
46.79843705531487,12.123868975770474,2112.0,26.0,7.2375007,22.5,-2.8,1094.0,120.0,20.0,169.0,12.0,46.0,0.3566043817809083,MITTEL
46.60606506860725,12.116829406971762,1693.0,21.0,8.812501,25.0,-2.2,901.0,108.0,28.2,187.0,15.0,46.0,0.5034485180173528,MITTEL
46.92076091834969,10.847441988422766,2878.0,51.0,0.17083323,13.4,-8.5,1155.0,127.0,16.0,310.0,17.0,50.0,0.05617353981252838,NIEDRIG
46.59053273717163,10.78785120409771,1730.0,19.0,8.2375,23.7,-1.9,367.0,45.0,29.0,15.0,14.0,46.0,0.34816868951696256,MITTEL
46.72784080874053,11.923598878224016,1532.0,16.0,9.137501,25.2,-1.5,861.0,105.0,29.1,111.0,13.0,47.0,0.6349230629552243,HOCH
46.95515255675416,11.05059861584194,2264.0,29.0,4.4583335,19.3,-5.0,870.0,87.0,12.8,2.0,12.0,47.0,0.31862029320825863,MITTEL
46.612680658276695,11.990007190590706,2342.0,5.0,4.5458336,19.3,-5.4,1119.0,119.0,16.7,260.0,15.0,41.0,0.1910863702067962,NIEDRIG
46.42646209628406,11.636153820146667,2073.0,19.0,5.6958337,20.1,-4.1,825.0,95.0,23.2,152.0,18.0,42.0,0.4573341125332947,MITTEL
46.62069677292645,10.87548985466517,674.0,8.0,13.883335,31.6,1.1,639.0,72.0,23.1,331.0,18.0,45.0,0.39319842360102564,MITTEL
46.48884643331522,11.71883022428564,1715.0,11.0,8.095834,24.0,-2.7,825.0,103.0,32.7,76.0,11.0,50.0,0.45614580405452443,MITTEL
47.01286505399663,11.310669822034102,1612.0,34.0,8.020833,23.8,-1.9,868.0,107.0,28.0,310.0,12.0,48.0,0.4536570667454363,MITTEL
46.28711153029152,10.522247316456824,1549.0,21.0,9.404166,26.4,-2.8,385.0,46.0,34.7,194.0,13.0,47.0,0.4995026348962812,MITTEL
47.00518371205115,11.240169363056369,2320.0,20.0,4.4083333,19.0,-4.8,971.0,99.0,13.3,306.0,15.0,45.0,0.25961960335327494,NIEDRIG
46.83197103733451,11.729048395176338,824.0,11.0,12.700001,30.2,0.0,790.0,94.0,27.1,240.0,12.0,60.0,0.6814432423213846,HOCH
46.8058873673116,12.198098453355492,1831.0,25.0,7.7708335,23.5,-2.8,1062.0,123.0,23.5,86.0,9.0,51.0,0.36072709222879484,MITTEL
47.01470444753931,10.953130973053552,2433.0,28.0,4.979167,19.8,-4.3,902.0,93.0,13.9,92.0,17.0,45.0,0.43267392780756925,MITTEL
46.61334443417285,10.534864091774242,1963.0,32.0,7.358333,23.5,-3.7,463.0,53.0,24.7,117.0,12.0,49.0,0.35278501137121493,MITTEL
46.97855217751245,11.95123822235963,1281.0,34.0,9.891666,26.8,-1.6,867.0,107.0,28.8,317.0,8.0,51.0,0.6816741925917222,HOCH
46.93183166313554,11.4995268938952,2507.0,34.0,5.241667,19.5,-3.7,1035.0,104.0,13.5,274.0,17.0,44.0,0.2988114535938085,NIEDRIG
46.51421535823747,12.04232249624943,2065.0,31.0,6.095833,20.8,-4.2,1106.0,126.0,22.6,270.0,19.0,39.0,0.3065906037997925,MITTEL
46.389310396656846,12.328336657811263,1271.0,24.0,10.970834,27.9,-1.0,831.0,94.0,25.0,116.0,20.0,36.0,0.7303801878322804,HOCH
46.38874625074728,11.997579406068825,873.0,21.0,12.474999,29.9,-0.2,767.0,88.0,25.0,155.0,17.0,40.0,0.7934540417338665,HOCH
46.9867595187076,11.75410880045096,2470.0,20.0,3.2749999,17.4,-5.9,1228.0,122.0,12.0,275.0,12.0,54.0,0.1525815097105688,NIEDRIG
46.97455274707384,10.559582121352888,1084.0,25.0,10.479167,26.8,-0.5,728.0,82.0,21.0,330.0,14.0,45.0,0.6255209652604957,HOCH
46.46728676781643,11.646696121451695,2732.0,39.0,2.3791666,16.0,-6.7,969.0,94.0,10.3,211.0,18.0,44.0,0.1480662598748726,NIEDRIG
46.79777082971961,12.129191451022471,2076.0,11.0,6.7708325,21.9,-3.3,1132.0,122.0,18.3,236.0,14.0,47.0,0.3182185753165254,MITTEL
46.7167286647035,11.96548352958047,1927.0,17.0,8.3625,24.2,-2.2,917.0,109.0,27.0,261.0,15.0,40.0,0.4390615309336528,MITTEL
46.66526352431537,12.173785289771129,2031.0,28.0,6.9791665,22.4,-3.6,1061.0,122.0,23.1,261.0,15.0,45.0,0.3218831047336211,MITTEL
46.61218839937682,11.966249888975405,2541.0,5.0,3.345833,17.6,-6.3,1132.0,112.0,11.4,132.0,19.0,42.0,0.18953088485315003,NIEDRIG
46.81170054036327,11.48486728875108,2197.0,32.0,5.875,20.8,-3.5,839.0,93.0,18.9,9.0,11.0,56.0,0.40947084356723346,MITTEL
46.74700037142189,11.609922449922207,1410.0,28.0,11.083333,27.6,-0.1,732.0,94.0,34.2,86.0,13.0,47.0,0.8040906132942981,HOCH
46.57458494111153,12.130806448390798,1870.0,68.0,9.279167,25.6,-2.0,884.0,105.0,28.0,213.0,14.0,44.0,0.4884447384573349,MITTEL
46.671448335730894,11.432121540583909,2015.0,31.0,6.558334,21.8,-3.3,684.0,81.0,25.4,121.0,12.0,48.0,0.3573964222230761,MITTEL
47.02240152156681,10.92771775616366,2721.0,40.0,1.4416666,15.2,-7.2,1273.0,140.0,16.0,133.0,,,0.09619811366556615,NIEDRIG
46.55039542081822,10.65296837408688,3090.0,34.0,0.1958334,13.9,-8.5,912.0,99.0,15.9,45.0,,,0.03924906928816267,NIEDRIG
46.4345345086258,10.557836250631803,2808.0,25.0,0.8500002,15.2,-8.6,721.0,72.0,11.7,72.0,21.0,40.0,0.04358287875671915,NIEDRIG
46.80818245427156,12.124148893086804,2153.0,25.0,7.0749993,22.3,-3.0,1104.0,122.0,19.9,314.0,12.0,50.0,0.3306898856687153,MITTEL
46.81469361369049,11.676280030122694,1222.0,30.0,12.233334,29.4,0.0,779.0,95.0,28.4,182.0,14.0,52.0,0.7571743128298412,HOCH
46.26137506710579,12.34737875264462,878.0,18.0,13.3125,31.2,-0.2,878.0,94.0,19.3,300.0,19.0,38.0,0.8005192017531529,HOCH
46.57853250278983,11.582615032555577,1077.0,29.0,12.033333,29.3,0.1,657.0,82.0,32.7,305.0,16.0,42.0,0.6385656384005733,HOCH
46.924581129493625,11.41056697719628,1849.0,14.0,8.95,24.9,-1.0,814.0,103.0,28.4,130.0,13.0,46.0,0.49232740888537957,MITTEL
46.75075299990544,11.983310510558171,1793.0,10.0,7.983333,23.5,-2.1,957.0,114.0,25.2,69.0,11.0,46.0,0.3501158479682341,MITTEL
46.397112346963645,12.206596829108742,1595.0,26.0,9.554167,25.5,-1.6,918.0,108.0,26.9,177.0,13.0,42.0,0.6414179442871643,HOCH
46.417112376219166,12.063797103784337,1837.0,9.0,8.408333,24.0,-2.5,1006.0,116.0,26.7,276.0,16.0,38.0,0.3460990035547439,MITTEL
46.952921335903646,11.839078682922525,1939.0,29.0,6.329167,21.8,-3.7,1091.0,125.0,21.6,107.0,15.0,46.0,0.3553259634415324,MITTEL
46.52619097716583,11.683340451492873,1821.0,12.0,8.225,24.3,-2.5,797.0,99.0,31.7,20.0,12.0,45.0,0.473778495994498,MITTEL
46.909429323232665,10.838936375263232,2902.0,23.0,0.44999996,13.8,-8.4,1096.0,118.0,14.8,237.0,16.0,49.0,0.02457580815551588,NIEDRIG
46.69058997883067,11.60924880107908,1206.0,23.0,12.204167,29.4,0.2,714.0,89.0,31.0,128.0,14.0,49.0,0.7840072062312872,HOCH
46.35959657803369,11.609309484152648,1435.0,35.0,9.354167,25.3,-1.5,690.0,89.0,36.9,68.0,10.0,48.0,0.7522502282364635,HOCH
46.54704051664272,11.08422058255772,1819.0,46.0,8.204167,23.2,-1.3,382.0,49.0,32.7,320.0,12.0,52.0,0.32735544636192276,MITTEL
46.69775096664611,10.517403876233208,1301.0,35.0,11.8625,29.1,-0.1,584.0,68.0,24.3,121.0,14.0,49.0,0.48144251360298157,MITTEL
46.418095877715935,11.242253789038914,474.0,7.0,15.429168,33.4,1.8,754.0,86.0,21.5,105.0,18.0,46.0,0.419772643016391,MITTEL
46.36455803064009,10.637953108560108,2206.0,46.0,4.9666667,20.3,-5.6,311.0,36.0,23.7,170.0,16.0,45.0,0.3590584400803415,MITTEL
46.762198394299176,11.339711782866662,2264.0,32.0,5.8375,20.5,-3.4,767.0,85.0,19.3,155.0,17.0,43.0,0.3898820568156446,MITTEL
46.42739669488616,11.306258174252186,417.0,24.0,15.358334,33.5,1.7,728.0,83.0,22.1,88.0,18.0,44.0,0.66782205331467,HOCH
46.36285592159384,10.8128784530869,2627.0,55.0,3.6333332,17.3,-5.2,493.0,52.0,13.4,339.0,17.0,46.0,0.1191845626162349,NIEDRIG
46.51336434073112,11.632847194302506,2137.0,16.0,6.704167,22.3,-3.6,785.0,93.0,27.3,286.0,17.0,42.0,0.419688563792422,MITTEL
46.901299838174126,11.388056322740573,1596.0,15.0,8.754167,24.5,-1.1,802.0,99.0,27.9,175.0,14.0,47.0,0.6206895285992239,HOCH
46.91725354596923,11.33520719450942,1938.0,38.0,5.7875,20.2,-3.3,949.0,102.0,16.9,235.0,14.0,46.0,0.3479742016366846,MITTEL
46.31852652323789,10.885431445161355,1010.0,14.0,12.658333,29.9,0.4,551.0,65.0,27.9,311.0,18.0,44.0,0.3730950490402606,MITTEL
46.32732178555006,12.345589983710978,1265.0,37.0,11.545834,28.7,-0.8,851.0,94.0,22.2,334.0,15.0,41.0,0.7220324387500345,HOCH
46.73880994323738,10.597188233502893,2265.0,24.0,5.3750005,20.5,-4.8,651.0,64.0,11.2,144.0,18.0,45.0,0.3469776386483451,MITTEL
46.4810713356507,12.246822711425366,2473.0,37.0,5.2166667,19.7,-4.8,1239.0,128.0,15.4,57.0,19.0,40.0,0.25628407753019117,NIEDRIG
46.77717456867609,11.593825965216675,1404.0,41.0,10.341666,26.7,-0.4,744.0,97.0,35.4,330.0,14.0,47.0,0.7935575118367201,HOCH
46.9975583991282,12.34547244313497,2143.0,35.0,5.2958336,20.4,-4.7,1279.0,134.0,14.0,301.0,17.0,43.0,0.20128084669069843,NIEDRIG
46.48662214239559,10.533016861699336,2927.0,13.0,0.14583333,13.7,-8.6,875.0,92.0,12.8,186.0,,,0.030088788716944655,NIEDRIG
46.618509760672126,11.464659360551895,2109.0,16.0,6.5375004,21.6,-3.2,697.0,82.0,24.9,48.0,18.0,43.0,0.3337299250274562,MITTEL
46.32952689323755,11.495792185483223,1797.0,34.0,9.416667,25.1,-1.2,591.0,77.0,37.3,214.0,20.0,39.0,0.3878380437579371,MITTEL
46.790284782182,11.076332892445938,1750.0,18.0,7.358333,23.4,-3.0,616.0,74.0,29.0,108.0,15.0,45.0,0.33570369420649304,MITTEL
46.37935411196802,10.804164432860825,2658.0,33.0,3.5541666,17.4,-5.4,464.0,49.0,13.5,89.0,16.0,47.0,0.1590707282333872,NIEDRIG
46.416132824225606,10.792536952516768,1718.0,41.0,9.391667,26.2,-2.3,386.0,49.0,37.1,201.0,12.0,49.0,0.3982370079698029,MITTEL
